frame_id,timestamp,predicted_driver_state
0,0.0,drowsy
1,0.05,drowsy
2,0.1,drowsy
3,0.15,drowsy
4,0.2,drowsy
5,0.25,drowsy
6,0.3,drowsy
7,0.35,drowsy
8,0.4,drowsy
9,0.45,drowsy
10,0.5,drowsy
11,0.55,drowsy
12,0.6,drowsy
13,0.65,drowsy
14,0.7,drowsy
15,0.75,drowsy
16,0.8,drowsy
17,0.85,drowsy
18,0.9,drowsy
19,0.95,drowsy
20,1.0,drowsy
21,1.05,drowsy
22,1.1,drowsy
23,1.15,drowsy
24,1.2,drowsy
25,1.25,drowsy
26,1.3,drowsy
27,1.35,drowsy
28,1.4,drowsy
29,1.45,drowsy
30,1.5,drowsy
31,1.55,drowsy
32,1.6,drowsy
33,1.65,drowsy
34,1.7,drowsy
35,1.75,drowsy
36,1.8,drowsy
37,1.85,drowsy
38,1.9,drowsy
39,1.95,drowsy
40,2.0,drowsy
41,2.05,microsleep
42,2.1,microsleep
43,2.15,microsleep
44,2.2,microsleep
45,2.25,microsleep
46,2.3,microsleep
47,2.35,microsleep
48,2.4,microsleep
49,2.45,microsleep
50,2.5,microsleep
51,2.55,microsleep
52,2.6,microsleep
53,2.65,microsleep
54,2.7,microsleep
55,2.75,microsleep
56,2.8,microsleep
57,2.85,microsleep
58,2.9,microsleep
59,2.95,microsleep
60,3.0,microsleep
61,3.05,microsleep
62,3.1,microsleep
63,3.15,microsleep
64,3.2,microsleep
65,3.25,microsleep
66,3.3,microsleep
67,3.35,microsleep
68,3.4,microsleep
69,3.45,microsleep
70,3.5,microsleep
71,3.55,microsleep
72,3.6,microsleep
73,3.65,microsleep
74,3.7,microsleep
75,3.75,microsleep
76,3.8,microsleep
77,3.85,microsleep
78,3.9,microsleep
79,3.95,microsleep
80,4.0,microsleep
81,4.05,microsleep
82,4.1,microsleep
83,4.15,microsleep
84,4.2,microsleep
85,4.25,microsleep
86,4.3,microsleep
87,4.35,microsleep
88,4.4,microsleep
89,4.45,microsleep
90,4.5,microsleep
91,4.55,microsleep
92,4.6,microsleep
93,4.65,microsleep
94,4.7,microsleep
95,4.75,microsleep
96,4.8,microsleep
97,4.85,microsleep
98,4.9,microsleep
99,4.95,microsleep
100,5.0,microsleep
101,5.05,microsleep
102,5.1,microsleep
103,5.15,microsleep
104,5.2,microsleep
105,5.25,microsleep
106,5.3,microsleep
107,5.35,microsleep
108,5.4,microsleep
109,5.45,microsleep
110,5.5,microsleep
111,5.55,microsleep
112,5.6,microsleep
113,5.65,microsleep
114,5.7,microsleep
115,5.75,microsleep
116,5.8,microsleep
117,5.85,microsleep
118,5.9,microsleep
119,5.95,microsleep
120,6.0,microsleep
121,6.05,microsleep
122,6.1,microsleep
123,6.15,microsleep
124,6.2,microsleep
125,6.25,microsleep
126,6.3,microsleep
127,6.35,microsleep
128,6.4,microsleep
129,6.45,microsleep
130,6.5,microsleep
131,6.55,microsleep
132,6.6,microsleep
133,6.65,microsleep
134,6.7,microsleep
135,6.75,microsleep
136,6.8,microsleep
137,6.85,microsleep
138,6.9,microsleep
139,6.95,microsleep
140,7.0,microsleep
141,7.05,microsleep
142,7.1,microsleep
143,7.15,microsleep
144,7.2,microsleep
145,7.25,microsleep
146,7.3,microsleep
147,7.35,microsleep
148,7.4,microsleep
149,7.45,microsleep
150,7.5,microsleep
151,7.55,microsleep
152,7.6,microsleep
153,7.65,microsleep
154,7.7,microsleep
155,7.75,microsleep
156,7.8,microsleep
157,7.85,microsleep
158,7.9,microsleep
159,7.95,microsleep
160,8.0,microsleep
161,8.05,microsleep
162,8.1,microsleep
163,8.15,microsleep
164,8.2,microsleep
165,8.25,microsleep
166,8.3,microsleep
167,8.35,microsleep
168,8.4,microsleep
169,8.45,microsleep
170,8.5,microsleep
171,8.55,microsleep
172,8.6,microsleep
173,8.65,microsleep
174,8.7,microsleep
175,8.75,microsleep
176,8.8,microsleep
177,8.85,microsleep
178,8.9,microsleep
179,8.95,microsleep
180,9.0,microsleep
181,9.05,microsleep
182,9.1,microsleep
183,9.15,microsleep
184,9.2,microsleep
185,9.25,microsleep
186,9.3,microsleep
187,9.35,microsleep
188,9.4,microsleep
189,9.45,microsleep
190,9.5,microsleep
191,9.55,microsleep
192,9.6,microsleep
193,9.65,microsleep
194,9.7,microsleep
195,9.75,microsleep
196,9.8,microsleep
197,9.85,microsleep
198,9.9,microsleep
199,9.95,microsleep
200,10.0,microsleep
201,10.05,microsleep
202,10.1,microsleep
203,10.15,microsleep
204,10.2,microsleep
205,10.25,microsleep
206,10.3,microsleep
207,10.35,microsleep
208,10.4,microsleep
209,10.45,microsleep
210,10.5,microsleep
211,10.55,microsleep
212,10.6,microsleep
213,10.65,microsleep
214,10.7,microsleep
215,10.75,microsleep
216,10.8,microsleep
217,10.85,microsleep
218,10.9,microsleep
219,10.95,microsleep
220,11.0,microsleep
221,11.05,microsleep
222,11.1,microsleep
223,11.15,microsleep
224,11.2,microsleep
225,11.25,microsleep
226,11.3,microsleep
227,11.35,microsleep
228,11.4,microsleep
229,11.45,microsleep
230,11.5,microsleep
231,11.55,microsleep
232,11.6,microsleep
233,11.65,microsleep
234,11.7,microsleep
235,11.75,microsleep
236,11.8,microsleep
237,11.85,microsleep
238,11.9,microsleep
239,11.95,microsleep
240,12.0,microsleep
241,12.05,microsleep
242,12.1,microsleep
243,12.15,microsleep
244,12.2,microsleep
245,12.25,microsleep
246,12.3,microsleep
247,12.35,microsleep
248,12.4,microsleep
249,12.45,microsleep
250,12.5,microsleep
251,12.55,microsleep
252,12.6,microsleep
253,12.65,microsleep
254,12.7,microsleep
255,12.75,microsleep
256,12.8,microsleep
257,12.85,microsleep
258,12.9,microsleep
259,12.95,microsleep
260,13.0,microsleep
261,13.05,microsleep
262,13.1,microsleep
263,13.15,microsleep
264,13.2,microsleep
265,13.25,microsleep
266,13.3,microsleep
267,13.35,microsleep
268,13.4,microsleep
269,13.45,microsleep
270,13.5,microsleep
271,13.55,microsleep
272,13.6,microsleep
273,13.65,microsleep
274,13.7,microsleep
275,13.75,microsleep
276,13.8,microsleep
277,13.85,microsleep
278,13.9,microsleep
279,13.95,microsleep
280,14.0,microsleep
281,14.05,microsleep
282,14.1,microsleep
283,14.15,microsleep
284,14.2,microsleep
285,14.25,microsleep
286,14.3,microsleep
287,14.35,microsleep
288,14.4,microsleep
289,14.45,microsleep
290,14.5,microsleep
291,14.55,microsleep
292,14.6,microsleep
293,14.65,microsleep
294,14.7,microsleep
295,14.75,microsleep
296,14.8,microsleep
297,14.85,microsleep
298,14.9,microsleep
299,14.95,microsleep
300,15.0,microsleep
301,15.05,microsleep
302,15.1,microsleep
303,15.15,microsleep
304,15.2,microsleep
305,15.25,microsleep
306,15.3,microsleep
307,15.35,microsleep
308,15.4,microsleep
309,15.45,microsleep
310,15.5,microsleep
311,15.55,microsleep
312,15.6,microsleep
313,15.65,microsleep
314,15.7,microsleep
315,15.75,microsleep
316,15.8,microsleep
317,15.85,microsleep
318,15.9,microsleep
319,15.95,microsleep
320,16.0,microsleep
321,16.05,microsleep
322,16.1,microsleep
323,16.15,microsleep
324,16.2,microsleep
325,16.25,microsleep
326,16.3,microsleep
327,16.35,microsleep
328,16.4,microsleep
329,16.45,microsleep
330,16.5,microsleep
331,16.55,microsleep
332,16.6,microsleep
333,16.65,microsleep
334,16.7,microsleep
335,16.75,microsleep
336,16.8,microsleep
337,16.85,microsleep
338,16.9,microsleep
339,16.95,microsleep
340,17.0,microsleep
341,17.05,microsleep
342,17.1,microsleep
343,17.15,microsleep
344,17.2,microsleep
345,17.25,microsleep
346,17.3,microsleep
347,17.35,microsleep
348,17.4,microsleep
349,17.45,microsleep
350,17.5,microsleep
351,17.55,microsleep
352,17.6,microsleep
353,17.65,microsleep
354,17.7,microsleep
355,17.75,microsleep
356,17.8,microsleep
357,17.85,microsleep
358,17.9,microsleep
359,17.95,microsleep
360,18.0,microsleep
361,18.05,microsleep
362,18.1,microsleep
363,18.15,microsleep
364,18.2,microsleep
365,18.25,microsleep
366,18.3,microsleep
367,18.35,microsleep
368,18.4,microsleep
369,18.45,microsleep
370,18.5,microsleep
371,18.55,microsleep
372,18.6,microsleep
373,18.65,microsleep
374,18.7,microsleep
375,18.75,microsleep
376,18.8,microsleep
377,18.85,microsleep
378,18.9,microsleep
379,18.95,microsleep
380,19.0,microsleep
381,19.05,microsleep
382,19.1,microsleep
383,19.15,microsleep
384,19.2,microsleep
385,19.25,microsleep
386,19.3,microsleep
387,19.35,microsleep
388,19.4,microsleep
389,19.45,microsleep
390,19.5,microsleep
391,19.55,microsleep
392,19.6,microsleep
393,19.65,microsleep
394,19.7,microsleep
395,19.75,microsleep
396,19.8,microsleep
397,19.85,microsleep
398,19.9,microsleep
399,19.95,microsleep
400,20.0,microsleep
401,20.05,microsleep
402,20.1,microsleep
403,20.15,microsleep
404,20.2,microsleep
405,20.25,microsleep
406,20.3,microsleep
407,20.35,microsleep
408,20.4,microsleep
409,20.45,microsleep
410,20.5,microsleep
411,20.55,microsleep
412,20.6,microsleep
413,20.65,microsleep
414,20.7,microsleep
415,20.75,microsleep
416,20.8,microsleep
417,20.85,microsleep
418,20.9,microsleep
419,20.95,microsleep
420,21.0,microsleep
421,21.05,microsleep
422,21.1,microsleep
423,21.15,microsleep
424,21.2,microsleep
425,21.25,microsleep
426,21.3,microsleep
427,21.35,microsleep
428,21.4,microsleep
429,21.45,microsleep
430,21.5,microsleep
431,21.55,microsleep
432,21.6,microsleep
433,21.65,microsleep
434,21.7,microsleep
435,21.75,microsleep
436,21.8,microsleep
437,21.85,microsleep
438,21.9,microsleep
439,21.95,microsleep
440,22.0,microsleep
441,22.05,microsleep
442,22.1,microsleep
443,22.15,microsleep
444,22.2,microsleep
445,22.25,microsleep
446,22.3,microsleep
447,22.35,microsleep
448,22.4,microsleep
449,22.45,microsleep
450,22.5,microsleep
451,22.55,microsleep
452,22.6,microsleep
453,22.65,microsleep
454,22.7,microsleep
455,22.75,microsleep
456,22.8,microsleep
457,22.85,microsleep
458,22.9,microsleep
459,22.95,microsleep
460,23.0,microsleep
461,23.05,microsleep
462,23.1,microsleep
463,23.15,microsleep
464,23.2,microsleep
465,23.25,microsleep
466,23.3,microsleep
467,23.35,microsleep
468,23.4,microsleep
469,23.45,microsleep
470,23.5,microsleep
471,23.55,microsleep
472,23.6,microsleep
473,23.65,microsleep
474,23.7,microsleep
475,23.75,microsleep
476,23.8,microsleep
477,23.85,microsleep
478,23.9,microsleep
479,23.95,microsleep
480,24.0,microsleep
481,24.05,microsleep
482,24.1,microsleep
483,24.15,microsleep
484,24.2,microsleep
485,24.25,microsleep
486,24.3,microsleep
487,24.35,microsleep
488,24.4,microsleep
489,24.45,microsleep
490,24.5,microsleep
491,24.55,microsleep
492,24.6,microsleep
493,24.65,microsleep
494,24.7,microsleep
495,24.75,microsleep
496,24.8,microsleep
497,24.85,microsleep
498,24.9,microsleep
499,24.95,microsleep
500,25.0,microsleep
501,25.05,microsleep
502,25.1,microsleep
503,25.15,microsleep
504,25.2,microsleep
505,25.25,microsleep
506,25.3,microsleep
507,25.35,microsleep
508,25.4,microsleep
509,25.45,microsleep
510,25.5,microsleep
511,25.55,microsleep
512,25.6,microsleep
513,25.65,microsleep
514,25.7,microsleep
515,25.75,microsleep
516,25.8,microsleep
517,25.85,microsleep
518,25.9,microsleep
519,25.95,microsleep
520,26.0,microsleep
521,26.05,microsleep
522,26.1,microsleep
523,26.15,microsleep
524,26.2,microsleep
525,26.25,microsleep
526,26.3,microsleep
527,26.35,microsleep
528,26.4,microsleep
529,26.45,microsleep
530,26.5,microsleep
531,26.55,microsleep
532,26.6,microsleep
533,26.65,microsleep
534,26.7,microsleep
535,26.75,microsleep
536,26.8,microsleep
537,26.85,microsleep
538,26.9,microsleep
539,26.95,microsleep
540,27.0,microsleep
541,27.05,microsleep
542,27.1,microsleep
543,27.15,microsleep
544,27.2,microsleep
545,27.25,microsleep
546,27.3,microsleep
547,27.35,microsleep
548,27.4,microsleep
549,27.45,microsleep
550,27.5,microsleep
551,27.55,microsleep
552,27.6,microsleep
553,27.65,microsleep
554,27.7,microsleep
555,27.75,microsleep
556,27.8,microsleep
557,27.85,microsleep
558,27.9,microsleep
559,27.95,microsleep
560,28.0,microsleep
561,28.05,microsleep
562,28.1,microsleep
563,28.15,microsleep
564,28.2,microsleep
565,28.25,microsleep
566,28.3,microsleep
567,28.35,microsleep
568,28.4,microsleep
569,28.45,microsleep
570,28.5,microsleep
571,28.55,microsleep
572,28.6,microsleep
573,28.65,microsleep
574,28.7,microsleep
575,28.75,microsleep
576,28.8,microsleep
577,28.85,microsleep
578,28.9,microsleep
579,28.95,microsleep
580,29.0,microsleep
581,29.05,microsleep
582,29.1,microsleep
583,29.15,microsleep
584,29.2,microsleep
585,29.25,microsleep
586,29.3,microsleep
587,29.35,microsleep
588,29.4,microsleep
589,29.45,microsleep
590,29.5,microsleep
591,29.55,microsleep
592,29.6,microsleep
593,29.65,microsleep
594,29.7,microsleep
595,29.75,microsleep
596,29.8,microsleep
597,29.85,microsleep
598,29.9,microsleep
599,29.95,microsleep
