frame_id,timestamp,face_found,ear,ear_left,ear_right,mar,yaw,pitch,roll,nose_offset_x,nose_offset_y,face_ratio,blink_left,blink_right,blink,jaw_open,mouth_close,face_scale,phone_conf,phone_x,phone_y,phone_w,phone_h,phone_fresh
0,0.0,1,0.02665,0.02818,0.02511,0.00378,7.5543,-13.85374,-7.50396,0.06108,0.33018,1.23048,0.80343,0.70967,0.75655,0.00773,0.00293,75.47863,0.0,0.0,0.0,0.0,0.0,1
1,0.05,1,0.11592,0.11846,0.11339,0.00261,7.42474,-13.55631,-7.21612,0.06623,0.33637,1.25688,0.60336,0.47627,0.53981,0.00695,0.00269,74.44502,0.0,0.0,0.0,0.0,0.0,0
2,0.1,1,0.28308,0.27023,0.29594,0.00382,7.45099,-13.83957,-6.637,0.0664,0.33232,1.27571,0.17437,0.14978,0.16207,0.0055,0.00263,74.24103,0.0,0.0,0.0,0.0,0.0,0
3,0.15,1,0.32309,0.31749,0.32869,0.00399,7.20133,-13.82474,-6.104,0.05614,0.33329,1.28209,0.10384,0.05416,0.079,0.00439,0.00238,74.87659,0.0,0.0,0.0,0.0,0.0,0
4,0.2,1,0.26999,0.26743,0.27255,0.00419,7.30095,-13.94799,-5.55995,0.0601,0.33284,1.27352,0.22645,0.19286,0.20965,0.00533,0.00338,73.79147,0.0,0.0,0.0,0.0,0.0,0
5,0.25,1,0.03652,0.03514,0.0379,0.00282,7.55624,-14.17132,-5.41074,0.06743,0.31577,1.27623,0.79078,0.75665,0.77371,0.00523,0.0031,75.81271,0.0,0.0,0.0,0.0,0.0,1
6,0.3,1,0.18727,0.17662,0.19791,0.0025,7.49698,-14.19047,-5.02711,0.07183,0.32658,1.27495,0.41521,0.42434,0.41978,0.00546,0.00317,73.50381,0.0,0.0,0.0,0.0,0.0,0
7,0.35,1,0.27344,0.2661,0.28078,0.00369,7.19934,-14.14001,-4.65992,0.0657,0.32866,1.27481,0.19544,0.17242,0.18393,0.00411,0.0025,73.58913,0.0,0.0,0.0,0.0,0.0,0
8,0.4,1,0.31788,0.31554,0.32023,0.00432,6.96371,-13.892,-4.60752,0.06087,0.3278,1.2682,0.10892,0.0483,0.07861,0.00456,0.00251,74.15672,0.0,0.0,0.0,0.0,0.0,0
9,0.45,1,0.32759,0.32315,0.33202,0.00437,6.74778,-13.67008,-4.45872,0.05825,0.32922,1.26677,0.08529,0.04023,0.06276,0.00493,0.00266,74.11401,0.0,0.0,0.0,0.0,0.0,0
10,0.5,1,0.32968,0.32692,0.33245,0.00518,6.67154,-13.6772,-4.53006,0.05839,0.32713,1.26675,0.08023,0.03722,0.05872,0.00491,0.00261,74.02375,0.0,0.0,0.0,0.0,0.0,1
11,0.55,1,0.32928,0.3275,0.33106,0.0056,6.63241,-13.61041,-4.48154,0.05831,0.32911,1.265,0.07815,0.03531,0.05673,0.00546,0.00277,74.00335,0.0,0.0,0.0,0.0,0.0,0
12,0.6,1,0.3301,0.3281,0.33209,0.00593,6.62647,-13.70521,-4.41664,0.05826,0.3266,1.26097,0.07912,0.03574,0.05743,0.00502,0.00251,73.90027,0.0,0.0,0.0,0.0,0.0,0
13,0.65,1,0.32988,0.32779,0.33197,0.00543,6.57989,-13.758,-4.38809,0.0585,0.32681,1.26015,0.08329,0.03812,0.06071,0.00461,0.00228,73.73458,0.0,0.0,0.0,0.0,0.0,0
14,0.7,1,0.32524,0.32361,0.32686,0.00483,6.60175,-13.84498,-4.34267,0.06035,0.32386,1.25658,0.09681,0.04408,0.07044,0.00424,0.00186,73.54738,0.0,0.0,0.0,0.0,0.0,0
15,0.75,1,0.32214,0.32062,0.32365,0.0049,6.60985,-13.82304,-4.2445,0.06086,0.32401,1.25323,0.10786,0.04756,0.07771,0.00313,0.00134,73.51657,0.0,0.0,0.0,0.0,0.0,1
16,0.8,1,0.31885,0.31717,0.32053,0.00563,6.67079,-13.99249,-4.21035,0.06176,0.32142,1.25364,0.11092,0.05163,0.08128,0.00356,0.00137,73.3808,0.0,0.0,0.0,0.0,0.0,0
17,0.85,1,0.31793,0.31764,0.31822,0.00555,6.60632,-14.12505,-4.20208,0.06109,0.32107,1.25167,0.11537,0.05211,0.08374,0.00422,0.00145,73.34807,0.0,0.0,0.0,0.0,0.0,0
18,0.9,1,0.15965,0.14907,0.17022,0.00578,6.63253,-14.3567,-4.4354,0.05648,0.31557,1.24055,0.48768,0.49217,0.48993,0.00508,0.00222,71.79742,0.0,0.0,0.0,0.0,0.0,0
19,0.95,1,0.03845,0.02506,0.05185,0.00631,6.90055,-14.63297,-4.78905,0.05815,0.28789,1.23114,0.86911,0.79671,0.83291,0.0046,0.00168,74.54957,0.0,0.0,0.0,0.0,0.0,0
20,1.0,1,0.06736,0.07073,0.06398,0.00623,6.66802,-14.09901,-4.83779,0.05119,0.31009,1.23226,0.7079,0.63595,0.67192,0.00418,0.00149,73.01009,0.0,0.0,0.0,0.0,0.0,1
21,1.05,1,0.13491,0.14662,0.12321,0.00611,6.63134,-13.97994,-4.88036,0.05113,0.31528,1.22848,0.60231,0.4527,0.5275,0.00384,0.00133,72.58778,0.0,0.0,0.0,0.0,0.0,0
22,1.1,1,0.23371,0.24303,0.22439,0.00546,6.89591,-13.84803,-5.05063,0.05798,0.32043,1.23427,0.31514,0.1782,0.24667,0.00347,0.00102,73.19528,0.0,0.0,0.0,0.0,0.0,0
23,1.15,1,0.27027,0.27457,0.26597,0.00531,7.05472,-13.71049,-5.01076,0.06258,0.32466,1.23818,0.1955,0.09749,0.14649,0.00416,0.00113,73.43594,0.0,0.0,0.0,0.0,0.0,0
24,1.2,1,0.29558,0.29686,0.2943,0.00535,7.08474,-13.66678,-5.12139,0.06353,0.32389,1.23611,0.14543,0.06479,0.10511,0.0034,0.0009,73.63065,0.0,0.0,0.0,0.0,0.0,0
25,1.25,1,0.29976,0.29568,0.30384,0.00536,7.15089,-13.65482,-5.12651,0.06545,0.32303,1.23404,0.12667,0.06824,0.09746,0.00273,0.00069,73.90091,0.0,0.0,0.0,0.0,0.0,1
26,1.3,1,0.30096,0.29548,0.30644,0.00527,7.28522,-13.56217,-5.18579,0.06645,0.32362,1.2363,0.11999,0.06866,0.09432,0.00246,0.00067,74.03237,0.0,0.0,0.0,0.0,0.0,0
27,1.35,1,0.30114,0.29503,0.30725,0.0052,7.29518,-13.49228,-5.17318,0.0651,0.32494,1.23361,0.11697,0.06867,0.09282,0.00297,0.00076,74.15321,0.0,0.0,0.0,0.0,0.0,0
28,1.4,1,0.29791,0.29244,0.30338,0.00521,7.02139,-12.86785,-5.04293,0.06402,0.33009,1.23555,0.1232,0.07265,0.09792,0.00373,0.00099,73.88316,0.0,0.0,0.0,0.0,0.0,0
29,1.45,1,0.29531,0.29065,0.29996,0.00552,6.55619,-12.49072,-4.98327,0.05609,0.33283,1.237,0.1291,0.07594,0.10252,0.00449,0.00116,73.85086,0.0,0.0,0.0,0.0,0.0,0
30,1.5,1,0.26957,0.26733,0.2718,0.00585,6.20579,-12.30387,-4.77835,0.05068,0.33534,1.23858,0.17984,0.14628,0.16306,0.00479,0.00128,73.5348,0.0,0.0,0.0,0.0,0.0,1
31,1.55,1,0.18856,0.19306,0.18406,0.00617,6.01757,-12.27785,-4.76686,0.04767,0.33278,1.23076,0.43262,0.38935,0.41099,0.00548,0.00155,73.03313,0.0,0.0,0.0,0.0,0.0,0
32,1.6,1,0.1995,0.20039,0.19862,0.00665,5.71044,-12.29514,-4.66098,0.04095,0.33312,1.22829,0.40066,0.39161,0.39614,0.00539,0.00148,72.85919,0.0,0.0,0.0,0.0,0.0,0
33,1.65,1,0.23661,0.23454,0.23868,0.00677,5.42447,-12.25828,-4.53931,0.03861,0.33411,1.22458,0.27645,0.31015,0.2933,0.0052,0.00129,73.27737,0.0,0.0,0.0,0.0,0.0,0
34,1.7,1,0.28553,0.27808,0.29299,0.00662,5.05369,-12.26648,-3.73576,0.04353,0.33446,1.22359,0.16588,0.1881,0.17699,0.00746,0.00187,73.53418,0.0,0.0,0.0,0.0,0.0,0
35,1.75,1,0.29773,0.29374,0.30172,0.005,4.63659,-12.20928,-3.15032,0.04118,0.33711,1.228,0.14683,0.1509,0.14886,0.00574,0.00164,73.44105,0.0,0.0,0.0,0.0,0.0,1
36,1.8,1,0.30571,0.30282,0.3086,0.00348,4.39782,-12.44012,-2.42451,0.04538,0.33189,1.23453,0.13402,0.11983,0.12693,0.00684,0.00237,73.38034,0.0,0.0,0.0,0.0,0.0,0
37,1.85,1,0.30321,0.30309,0.30334,0.00475,4.17329,-12.64196,-1.97715,0.04535,0.32797,1.23145,0.13622,0.11629,0.12625,0.00588,0.00205,73.79557,0.0,0.0,0.0,0.0,0.0,0
38,1.9,1,0.30714,0.30742,0.30686,0.0053,4.11132,-12.64965,-1.31226,0.04877,0.32999,1.23439,0.13527,0.09616,0.11572,0.00733,0.00259,73.71632,0.0,0.0,0.0,0.0,0.0,0
39,1.95,1,0.3074,0.30903,0.30577,0.00521,3.91221,-12.50114,-0.9408,0.04421,0.33215,1.2379,0.13483,0.0926,0.11371,0.00696,0.00276,73.65954,0.0,0.0,0.0,0.0,0.0,0
40,2.0,1,0.30618,0.30769,0.30467,0.00576,3.90091,-12.47858,-0.63569,0.04478,0.33277,1.23951,0.12589,0.09046,0.10818,0.00673,0.00306,73.58634,0.0,0.0,0.0,0.0,0.0,1
41,2.05,1,0.30731,0.30675,0.30787,0.00571,3.9321,-12.44827,-0.60844,0.04586,0.33068,1.2404,0.11712,0.09097,0.10405,0.0059,0.00284,73.69983,0.0,0.0,0.0,0.0,0.0,0
42,2.1,1,0.30817,0.30772,0.30863,0.00606,3.87392,-12.40122,-0.50544,0.04591,0.33232,1.24328,0.11246,0.08822,0.10034,0.00479,0.00254,73.61433,0.0,0.0,0.0,0.0,0.0,0
43,2.15,1,0.30458,0.30825,0.30092,0.00559,3.85334,-12.39944,-0.58306,0.04626,0.33294,1.24866,0.12464,0.07599,0.10031,0.00414,0.00205,74.07655,0.0,0.0,0.0,0.0,0.0,0
44,2.2,1,0.30625,0.30875,0.30374,0.00516,3.98454,-12.43493,-0.86799,0.05007,0.33242,1.24935,0.1249,0.07659,0.10074,0.00431,0.00206,73.8378,0.0,0.0,0.0,0.0,0.0,0
45,2.25,1,0.30642,0.30809,0.30475,0.00451,4.09149,-12.66278,-1.27036,0.04819,0.3321,1.25639,0.12302,0.07522,0.09912,0.00371,0.00197,73.39828,0.0,0.0,0.0,0.0,0.0,1
46,2.3,1,0.30461,0.30413,0.3051,0.00381,4.10588,-12.83589,-1.43424,0.04934,0.33033,1.25501,0.12319,0.08641,0.1048,0.00344,0.00187,73.3157,0.0,0.0,0.0,0.0,0.0,0
47,2.35,1,0.30693,0.30096,0.31289,0.00269,4.13169,-13.01185,-1.60065,0.05263,0.32896,1.25815,0.13001,0.10248,0.11625,0.00226,0.00138,72.57867,0.0,0.0,0.0,0.0,0.0,0
48,2.4,1,0.30605,0.30015,0.31195,0.00283,4.07828,-13.32316,-1.50412,0.05399,0.32147,1.25594,0.14399,0.11672,0.13035,0.00168,0.00103,72.48199,0.0,0.0,0.0,0.0,0.0,0
49,2.45,1,0.30906,0.30202,0.31609,0.00387,3.96142,-14.38958,-1.26276,0.05112,0.3043,1.24317,0.12438,0.11067,0.11752,0.0015,0.00083,73.23667,0.0,0.0,0.0,0.0,0.0,0
50,2.5,1,0.31242,0.30624,0.31859,0.00444,3.83323,-14.69837,-0.68342,0.05411,0.3072,1.24188,0.13114,0.10561,0.11838,0.00178,0.00103,72.87497,0.0,0.0,0.0,0.0,0.0,1
51,2.55,1,0.31067,0.30559,0.31574,0.00713,3.18936,-14.85389,0.39584,0.04015,0.30903,1.24078,0.11318,0.08778,0.10048,0.00303,0.00168,73.26713,0.0,0.0,0.0,0.0,0.0,0
52,2.6,1,0.31088,0.30597,0.31579,0.01002,3.07154,-14.8572,0.80987,0.0451,0.30996,1.23764,0.11554,0.0883,0.10192,0.00339,0.00177,73.33121,0.0,0.0,0.0,0.0,0.0,0
53,2.65,1,0.30282,0.2975,0.30815,0.01386,2.69079,-14.72772,1.24415,0.04377,0.30607,1.23966,0.12328,0.1057,0.11449,0.00455,0.00237,73.28612,0.0,0.0,0.0,0.0,0.0,0
54,2.7,1,0.29944,0.29059,0.30829,0.02537,2.22154,-14.16074,1.20771,0.03798,0.30858,1.23929,0.11906,0.13877,0.12892,0.00626,0.00293,73.48319,0.0,0.0,0.0,0.0,0.0,0
55,2.75,1,0.29358,0.28843,0.29874,0.02205,1.79767,-13.67269,1.01121,0.03259,0.31774,1.2444,0.13084,0.14856,0.1397,0.00794,0.0042,73.18733,0.0,0.0,0.0,0.0,0.0,1
56,2.8,1,0.29533,0.29219,0.29846,0.01912,1.40426,-13.43238,0.96896,0.02231,0.32383,1.24482,0.137,0.13779,0.13739,0.0069,0.00365,73.31015,0.0,0.0,0.0,0.0,0.0,0
57,2.85,1,0.30267,0.30191,0.30343,0.02209,1.09634,-13.5291,1.05101,0.02022,0.32231,1.2426,0.13144,0.1167,0.12407,0.00609,0.00309,73.45243,0.0,0.0,0.0,0.0,0.0,0
58,2.9,1,0.30572,0.30686,0.30458,0.0263,0.59979,-13.59557,1.30414,0.01273,0.31948,1.24491,0.12811,0.11026,0.11919,0.00724,0.00343,73.57166,0.0,0.0,0.0,0.0,0.0,0
59,2.95,1,0.29145,0.29211,0.29079,0.02262,0.3352,-13.69239,2.57351,0.01338,0.31698,1.23991,0.15358,0.12564,0.13961,0.00713,0.00374,73.77827,0.0,0.0,0.0,0.0,0.0,0
60,3.0,1,0.29737,0.30062,0.29411,0.04052,0.23092,-13.42568,2.92776,0.01354,0.3168,1.2389,0.14201,0.1101,0.12605,0.00562,0.00231,73.69949,0.0,0.0,0.0,0.0,0.0,1
61,3.05,1,0.29462,0.29879,0.29046,0.04459,0.04483,-13.02194,3.6174,0.01622,0.31794,1.23911,0.14789,0.10747,0.12768,0.00633,0.00234,74.00269,0.0,0.0,0.0,0.0,0.0,0
62,3.1,1,0.30136,0.30657,0.29615,0.05725,0.07134,-12.83253,3.67263,0.01425,0.32453,1.23865,0.14853,0.10384,0.12618,0.01063,0.00391,73.61205,0.0,0.0,0.0,0.0,0.0,0
63,3.15,1,0.30051,0.30315,0.29786,0.07213,-0.11035,-12.36244,3.61176,0.01251,0.33343,1.24181,0.13767,0.11463,0.12615,0.01116,0.00319,73.35387,0.0,0.0,0.0,0.0,0.0,0
64,3.2,1,0.29113,0.2939,0.28836,0.06459,-0.1836,-12.11741,3.55614,0.01316,0.33749,1.24455,0.15764,0.13355,0.14559,0.00997,0.00309,73.08204,0.0,0.0,0.0,0.0,0.0,0
65,3.25,1,0.27417,0.27384,0.27451,0.06284,-0.24473,-12.40137,3.69013,0.01069,0.32547,1.24208,0.16741,0.17969,0.17355,0.01027,0.00324,72.96214,0.0,0.0,0.0,0.0,0.0,1
66,3.3,1,0.26825,0.26726,0.26925,0.03348,-0.36576,-12.61789,3.65924,0.0076,0.32401,1.24043,0.17858,0.20993,0.19425,0.00533,0.00221,72.46947,0.0,0.0,0.0,0.0,0.0,0
67,3.35,1,0.26608,0.26374,0.26841,0.01396,-0.66195,-12.75568,3.636,0.00154,0.32651,1.2384,0.18293,0.23019,0.20656,0.00361,0.00176,72.05028,0.0,0.0,0.0,0.0,0.0,0
68,3.4,1,0.26096,0.25973,0.26218,0.01015,-0.82345,-12.94838,3.71025,9e-05,0.31879,1.23451,0.19223,0.23134,0.21178,0.00365,0.0016,72.49624,0.0,0.0,0.0,0.0,0.0,0
69,3.45,1,0.2593,0.25839,0.2602,0.00864,-0.69522,-12.94166,3.94462,0.00624,0.31535,1.23187,0.20137,0.23377,0.21757,0.00262,0.00107,72.98494,0.0,0.0,0.0,0.0,0.0,0
70,3.5,1,0.26304,0.26332,0.26276,0.00837,-0.64819,-12.96809,4.12059,0.00799,0.31338,1.23302,0.20109,0.23754,0.21931,0.00239,0.00104,72.90847,0.0,0.0,0.0,0.0,0.0,1
71,3.55,1,0.23404,0.23169,0.2364,0.00662,-0.8712,-12.47994,4.40163,0.00593,0.32395,1.23589,0.26992,0.32219,0.29605,0.00316,0.00145,71.88169,0.0,0.0,0.0,0.0,0.0,0
72,3.6,1,0.11754,0.13324,0.10184,0.00666,-1.06508,-12.03271,4.32778,0.00366,0.3217,1.22994,0.602,0.50508,0.55354,0.00375,0.00155,73.21605,0.0,0.0,0.0,0.0,0.0,0
73,3.65,1,0.19542,0.20855,0.18229,0.00547,-0.93622,-11.51084,3.94193,0.00639,0.33867,1.2391,0.41081,0.33875,0.37478,0.00365,0.00164,72.64216,0.0,0.0,0.0,0.0,0.0,0
74,3.7,1,0.24578,0.25073,0.24084,0.0054,-0.90564,-11.58651,3.78402,0.00655,0.33788,1.24199,0.23679,0.22599,0.23139,0.00356,0.00159,72.69043,0.0,0.0,0.0,0.0,0.0,0
75,3.75,1,0.27096,0.27626,0.26566,0.00583,-1.04076,-11.9118,3.47255,-0.00127,0.33522,1.23957,0.18071,0.14521,0.16296,0.00477,0.00232,72.53203,0.0,0.0,0.0,0.0,0.0,1
76,3.8,1,0.28575,0.28934,0.28217,0.00621,-0.83118,-12.18557,3.23816,0.00013,0.3347,1.23811,0.14902,0.12686,0.13794,0.00485,0.0023,72.35663,0.0,0.0,0.0,0.0,0.0,0
77,3.85,1,0.29467,0.29513,0.2942,0.00727,-0.13436,-12.26571,2.99892,0.01567,0.3343,1.23863,0.13343,0.11974,0.12659,0.00468,0.00203,72.28191,0.0,0.0,0.0,0.0,0.0,0
78,3.9,1,0.29301,0.29059,0.29542,0.00692,0.36274,-12.37416,2.90349,0.02127,0.33337,1.23852,0.13391,0.13433,0.13412,0.00629,0.00254,72.27014,0.0,0.0,0.0,0.0,0.0,0
79,3.95,1,0.29005,0.28576,0.29435,0.00524,0.93354,-12.37987,2.62299,0.02928,0.32882,1.23794,0.14615,0.1612,0.15368,0.0052,0.00213,72.59943,0.0,0.0,0.0,0.0,0.0,0
80,4.0,1,0.29168,0.28925,0.2941,0.00524,1.2219,-12.49,2.41042,0.03044,0.32643,1.23357,0.14586,0.1462,0.14603,0.00527,0.0022,72.70487,0.0,0.0,0.0,0.0,0.0,1
81,4.05,1,0.28587,0.2801,0.29164,0.007,1.63002,-12.82095,1.99102,0.03282,0.31909,1.22522,0.13905,0.17139,0.15522,0.00435,0.00183,73.13181,0.0,0.0,0.0,0.0,0.0,0
82,4.1,1,0.28717,0.28097,0.29336,0.0111,2.11857,-13.49729,1.75275,0.03352,0.31033,1.22294,0.13508,0.18221,0.15864,0.00453,0.00206,72.71515,0.0,0.0,0.0,0.0,0.0,0
83,4.15,1,0.27346,0.27005,0.27686,0.01321,2.60101,-14.10525,1.32885,0.03817,0.3,1.22742,0.1556,0.21485,0.18523,0.00374,0.0018,72.56727,0.0,0.0,0.0,0.0,0.0,0
84,4.2,1,0.26832,0.26624,0.27041,0.01336,2.77548,-14.37472,0.61896,0.03589,0.29587,1.2243,0.16472,0.23021,0.19746,0.00363,0.00169,72.60427,0.0,0.0,0.0,0.0,0.0,0
85,4.25,1,0.26551,0.26591,0.26511,0.01712,2.94161,-14.54282,0.171,0.03793,0.29292,1.22667,0.18068,0.22524,0.20296,0.00439,0.00193,72.76668,0.0,0.0,0.0,0.0,0.0,1
86,4.3,1,0.26576,0.2631,0.26841,0.02366,3.36753,-14.2757,-0.56004,0.03668,0.30486,1.23067,0.18573,0.21946,0.2026,0.00746,0.00363,71.66788,0.0,0.0,0.0,0.0,0.0,0
87,4.35,1,0.27653,0.28094,0.27213,0.03604,3.54218,-14.20122,-1.07604,0.03761,0.30365,1.22135,0.17994,0.16206,0.171,0.00805,0.00344,72.49586,0.0,0.0,0.0,0.0,0.0,0
88,4.4,1,0.2858,0.29107,0.28053,0.04117,3.72119,-14.09092,-1.23519,0.03901,0.30413,1.22096,0.16677,0.14238,0.15457,0.00693,0.00285,72.89562,0.0,0.0,0.0,0.0,0.0,0
89,4.45,1,0.29061,0.29558,0.28564,0.04243,3.8742,-14.15412,-1.26229,0.04059,0.30246,1.22197,0.16128,0.12842,0.14485,0.00723,0.00292,73.33551,0.0,0.0,0.0,0.0,0.0,0
90,4.5,1,0.29512,0.29798,0.29225,0.04748,3.86709,-14.13372,-1.08863,0.042,0.30283,1.22375,0.14882,0.12553,0.13717,0.00829,0.00313,73.28328,0.0,0.0,0.0,0.0,0.0,1
91,4.55,1,0.29486,0.29664,0.29308,0.05613,3.87376,-14.17981,-1.08936,0.04294,0.30228,1.22286,0.14873,0.12957,0.13915,0.00901,0.00309,73.21565,0.0,0.0,0.0,0.0,0.0,0
92,4.6,1,0.2954,0.29639,0.2944,0.07611,3.81513,-14.18521,-1.08558,0.03994,0.30225,1.2248,0.14449,0.13025,0.13737,0.01264,0.00352,73.11494,0.0,0.0,0.0,0.0,0.0,0
93,4.65,1,0.296,0.29544,0.29657,0.09047,3.80591,-14.33299,-1.09032,0.04029,0.30218,1.22526,0.137,0.13131,0.13415,0.01803,0.00465,72.9598,0.0,0.0,0.0,0.0,0.0,0
94,4.7,1,0.29599,0.29534,0.29664,0.09646,3.80096,-14.35053,-1.03079,0.04105,0.3019,1.22716,0.13742,0.12826,0.13284,0.0212,0.00527,72.89279,0.0,0.0,0.0,0.0,0.0,0
95,4.75,1,0.297,0.29578,0.29821,0.11256,3.78093,-14.36372,-0.95872,0.04095,0.3012,1.22634,0.13921,0.1257,0.13246,0.02767,0.00575,72.88204,0.0,0.0,0.0,0.0,0.0,1
96,4.8,1,0.29758,0.29752,0.29764,0.10942,3.7785,-14.22792,-1.031,0.04091,0.30097,1.22684,0.13786,0.11746,0.12766,0.02483,0.00528,72.98802,0.0,0.0,0.0,0.0,0.0,0
97,4.85,1,0.29703,0.29738,0.29667,0.09425,3.87857,-13.9445,-1.12916,0.04252,0.30361,1.22665,0.13769,0.11915,0.12842,0.01744,0.00438,73.08544,0.0,0.0,0.0,0.0,0.0,0
98,4.9,1,0.26911,0.27068,0.26754,0.07267,4.09744,-13.74229,-1.37156,0.04399,0.30585,1.22347,0.19583,0.2149,0.20536,0.01042,0.00321,72.95159,0.0,0.0,0.0,0.0,0.0,0
99,4.95,1,0.18018,0.17539,0.18496,0.06518,4.28051,-13.36722,-1.17672,0.05031,0.31286,1.22224,0.4104,0.44428,0.42734,0.0116,0.00387,71.77555,0.0,0.0,0.0,0.0,0.0,0
100,5.0,1,0.0203,0.01076,0.02984,0.04409,4.3764,-13.71137,-0.83827,0.04782,0.28203,1.21447,0.84143,0.75381,0.79762,0.00781,0.0031,73.67165,0.0,0.0,0.0,0.0,0.0,1
101,5.05,1,0.02488,0.0121,0.03767,0.03398,4.15513,-13.90012,-0.30466,0.04426,0.27059,1.21515,0.85158,0.77135,0.81146,0.00643,0.00243,74.48395,0.0,0.0,0.0,0.0,0.0,0
102,5.1,1,0.02946,0.02069,0.03823,0.02557,3.72388,-14.20532,0.18921,0.04076,0.26554,1.20732,0.85639,0.78638,0.82138,0.00507,0.00187,75.77312,0.0,0.0,0.0,0.0,0.0,0
103,5.15,1,0.0247,0.02842,0.02098,0.01906,3.50517,-13.92576,0.67151,0.04344,0.27731,1.20697,0.82479,0.70856,0.76668,0.00493,0.00184,74.74745,0.0,0.0,0.0,0.0,0.0,0
104,5.2,1,0.17217,0.1599,0.18443,0.01971,3.2064,-13.71254,0.96733,0.03817,0.30007,1.20793,0.36729,0.46727,0.41728,0.00746,0.00322,71.9478,0.0,0.0,0.0,0.0,0.0,0
105,5.25,1,0.24619,0.23443,0.25794,0.0388,2.92279,-13.431,1.27854,0.03773,0.30314,1.21371,0.19518,0.28903,0.24211,0.0057,0.00216,72.50124,0.0,0.0,0.0,0.0,0.0,1
106,5.3,1,0.28387,0.27748,0.29025,0.02878,2.37022,-12.88461,1.49297,0.0338,0.30854,1.21859,0.13556,0.17197,0.15377,0.00538,0.00217,72.73401,0.0,0.0,0.0,0.0,0.0,0
107,5.35,1,0.28883,0.28472,0.29294,0.02225,2.18011,-12.84173,1.53083,0.03311,0.3106,1.22092,0.13989,0.15649,0.14819,0.00472,0.00192,72.87242,0.0,0.0,0.0,0.0,0.0,0
108,5.4,1,0.28164,0.26911,0.29417,0.00913,2.38304,-13.13648,1.30066,0.03721,0.30453,1.21628,0.12537,0.18963,0.1575,0.00379,0.00135,73.29977,0.0,0.0,0.0,0.0,0.0,0
109,5.45,1,0.24123,0.23623,0.24624,0.0027,2.73744,-13.55188,1.00261,0.03489,0.30533,1.21581,0.21497,0.27813,0.24655,0.00345,0.00152,71.62899,0.0,0.0,0.0,0.0,0.0,0
110,5.5,1,0.21192,0.21838,0.20547,0.00376,3.98282,-13.74756,-0.22697,0.04125,0.30695,1.2177,0.33382,0.3392,0.33651,0.00374,0.00181,70.12669,0.0,0.0,0.0,0.0,0.0,1
111,5.55,1,0.19283,0.20343,0.18223,0.00428,4.88284,-13.77981,-0.8252,0.04577,0.30706,1.21881,0.38776,0.38462,0.38619,0.00401,0.00185,69.82692,0.0,0.0,0.0,0.0,0.0,0
112,5.6,1,0.20862,0.2123,0.20493,0.00398,6.3654,-13.63377,-1.60133,0.06922,0.30492,1.21883,0.34634,0.36902,0.35768,0.00362,0.00146,70.65909,0.0,0.0,0.0,0.0,0.0,0
113,5.65,1,0.22331,0.23557,0.21105,0.00475,7.18322,-13.74292,-1.90585,0.07508,0.30734,1.22539,0.3553,0.30783,0.33156,0.0027,0.00096,71.11221,0.0,0.0,0.0,0.0,0.0,0
114,5.7,1,0.25086,0.26595,0.23577,0.00352,7.53134,-13.37556,-2.40846,0.08575,0.31169,1.22627,0.29073,0.18684,0.23878,0.00375,0.00113,71.85361,0.0,0.0,0.0,0.0,0.0,0
115,5.75,1,0.26924,0.28163,0.25684,0.00478,7.32056,-13.38103,-2.66916,0.07559,0.31433,1.22487,0.23755,0.12875,0.18315,0.00286,0.00082,71.89534,0.0,0.0,0.0,0.0,0.0,1
116,5.8,1,0.27313,0.28435,0.26191,0.00516,7.02161,-13.3531,-2.77365,0.06839,0.31418,1.22204,0.21811,0.11444,0.16628,0.00347,0.00096,72.46467,0.0,0.0,0.0,0.0,0.0,0
117,5.85,1,0.27876,0.28638,0.27115,0.00556,6.7786,-13.39083,-2.93971,0.05667,0.3157,1.21804,0.20412,0.12049,0.16231,0.00408,0.00111,72.25644,0.0,0.0,0.0,0.0,0.0,0
118,5.9,1,0.27835,0.28547,0.27122,0.00546,6.80038,-13.29662,-2.99077,0.0616,0.3166,1.21688,0.19378,0.11247,0.15312,0.00416,0.00105,72.51229,0.0,0.0,0.0,0.0,0.0,0
119,5.95,1,0.28147,0.28746,0.27549,0.00529,6.73971,-13.24406,-3.0428,0.0615,0.31729,1.21672,0.18526,0.11218,0.14872,0.00323,0.00085,72.51183,0.0,0.0,0.0,0.0,0.0,0
120,6.0,1,0.28367,0.28853,0.27881,0.00559,6.8345,-13.30432,-3.10536,0.06509,0.31679,1.22315,0.17674,0.10641,0.14158,0.00311,0.00088,72.67239,0.0,0.0,0.0,0.0,0.0,1
121,6.05,1,0.28334,0.28581,0.28087,0.00556,6.83122,-13.28382,-3.22274,0.06478,0.31731,1.22115,0.18084,0.10917,0.145,0.00262,0.00072,73.08165,0.0,0.0,0.0,0.0,0.0,0
122,6.1,1,0.24008,0.24512,0.23503,0.00561,6.9975,-13.03153,-3.40737,0.06854,0.32521,1.22411,0.29512,0.23259,0.26385,0.00416,0.00134,71.79046,0.0,0.0,0.0,0.0,0.0,0
123,6.15,1,0.18167,0.18688,0.17646,0.00518,6.93645,-12.87582,-3.35775,0.06512,0.33084,1.22008,0.42018,0.37111,0.39565,0.00521,0.0017,71.00463,0.0,0.0,0.0,0.0,0.0,0
124,6.2,1,0.08995,0.08786,0.09205,0.00468,7.32524,-12.60872,-3.71667,0.07627,0.32344,1.21587,0.62036,0.56897,0.59467,0.00561,0.00167,72.05505,0.0,0.0,0.0,0.0,0.0,0
125,6.25,1,0.05493,0.05337,0.05648,0.00515,7.3912,-12.45519,-3.8778,0.07457,0.3203,1.2142,0.68052,0.6277,0.65411,0.00543,0.00136,73.38176,0.0,0.0,0.0,0.0,0.0,1
126,6.3,1,0.06199,0.0618,0.06219,0.00479,7.3425,-12.39416,-3.89085,0.07304,0.32228,1.2156,0.66235,0.60494,0.63365,0.00533,0.00139,73.08217,0.0,0.0,0.0,0.0,0.0,0
127,6.35,1,0.04722,0.05123,0.04321,0.0051,7.37932,-12.39797,-4.1618,0.07213,0.3221,1.2141,0.6972,0.6256,0.6614,0.00555,0.00149,73.28441,0.0,0.0,0.0,0.0,0.0,0
128,6.4,1,0.04033,0.04251,0.03815,0.0052,7.45296,-12.32607,-4.22721,0.07352,0.31815,1.21577,0.70511,0.64313,0.67412,0.00479,0.00122,73.94089,0.0,0.0,0.0,0.0,0.0,0
129,6.45,1,0.02237,0.02656,0.01818,0.00529,7.49196,-12.1702,-4.29502,0.07355,0.3154,1.21778,0.74786,0.67698,0.71242,0.00427,0.00105,74.5877,0.0,0.0,0.0,0.0,0.0,0
130,6.5,1,0.01029,0.01277,0.0078,0.00542,7.49581,-12.11486,-4.28611,0.07192,0.31178,1.21421,0.78229,0.71524,0.74876,0.00406,0.00096,75.16043,0.0,0.0,0.0,0.0,0.0,1
131,6.55,1,0.01739,0.01965,0.01512,0.0048,7.54011,-12.06174,-4.26443,0.07242,0.309,1.21595,0.7953,0.75591,0.7756,0.00464,0.00114,75.42879,0.0,0.0,0.0,0.0,0.0,0
132,6.6,1,0.02057,0.02248,0.01867,0.00461,7.53786,-12.07856,-4.23232,0.07274,0.30829,1.21785,0.79995,0.76264,0.7813,0.00473,0.00123,75.52053,0.0,0.0,0.0,0.0,0.0,0
133,6.65,1,0.02157,0.02161,0.02152,0.00458,7.42842,-11.86097,-4.23881,0.0702,0.30997,1.21735,0.80009,0.76177,0.78093,0.00442,0.00119,75.72549,0.0,0.0,0.0,0.0,0.0,0
134,6.7,1,0.02232,0.02206,0.02258,0.00468,7.42427,-11.82845,-4.25999,0.0706,0.30969,1.21821,0.80141,0.76032,0.78087,0.00448,0.00123,75.86916,0.0,0.0,0.0,0.0,0.0,0
135,6.75,1,0.02184,0.02216,0.02151,0.00489,7.42182,-11.81427,-4.26675,0.0697,0.30809,1.21599,0.80072,0.76764,0.78418,0.00429,0.00113,75.95256,0.0,0.0,0.0,0.0,0.0,1
136,6.8,1,0.0258,0.02897,0.02263,0.00516,7.48833,-11.761,-4.24258,0.07203,0.30734,1.2149,0.80207,0.78056,0.79131,0.0043,0.00112,76.45227,0.0,0.0,0.0,0.0,0.0,0
137,6.85,1,0.02728,0.0303,0.02426,0.00522,7.43772,-11.58829,-4.21968,0.07138,0.30939,1.21505,0.80522,0.78587,0.79555,0.00442,0.00108,76.49364,0.0,0.0,0.0,0.0,0.0,0
138,6.9,1,0.02765,0.03098,0.02432,0.00525,7.50089,-11.50169,-4.20241,0.07144,0.30949,1.21457,0.80463,0.78572,0.79517,0.00441,0.00106,76.48596,0.0,0.0,0.0,0.0,0.0,0
139,6.95,1,0.02921,0.03012,0.0283,0.00521,7.47688,-11.46756,-4.21706,0.07161,0.30865,1.21509,0.81477,0.78731,0.80104,0.00415,0.00102,76.50978,0.0,0.0,0.0,0.0,0.0,0
140,7.0,1,0.03196,0.03179,0.03212,0.00534,7.47459,-11.46155,-4.19247,0.07148,0.30832,1.21452,0.81924,0.7922,0.80572,0.00419,0.00103,76.52885,0.0,0.0,0.0,0.0,0.0,1
141,7.05,1,0.03322,0.02583,0.0406,0.00594,7.35965,-12.00375,-4.10094,0.06866,0.30218,1.21362,0.84211,0.79072,0.81641,0.00379,0.00091,76.5458,0.0,0.0,0.0,0.0,0.0,0
142,7.1,1,0.03832,0.03047,0.04616,0.00594,7.30068,-12.16759,-4.10262,0.0671,0.29643,1.21441,0.85738,0.80369,0.83053,0.00317,0.00076,76.71964,0.0,0.0,0.0,0.0,0.0,0
143,7.15,1,0.02864,0.02205,0.03524,0.0054,7.17488,-12.2887,-3.99824,0.06231,0.29491,1.21256,0.85178,0.78895,0.82037,0.00301,0.00079,76.62309,0.0,0.0,0.0,0.0,0.0,0
144,7.2,1,0.02574,0.01725,0.03423,0.00509,7.02705,-12.43823,-3.85609,0.05982,0.29285,1.21024,0.85108,0.77998,0.81553,0.00287,0.00082,76.51917,0.0,0.0,0.0,0.0,0.0,0
145,7.25,1,0.02515,0.01756,0.03274,0.00495,7.07298,-12.52166,-3.75512,0.06228,0.29218,1.20931,0.85126,0.78099,0.81612,0.00282,0.00081,76.58261,0.0,0.0,0.0,0.0,0.0,1
146,7.3,1,0.02485,0.01695,0.03274,0.00473,7.03736,-12.59762,-3.6526,0.06327,0.29204,1.21252,0.85579,0.77639,0.81609,0.00304,0.0009,76.21332,0.0,0.0,0.0,0.0,0.0,0
147,7.35,1,0.06041,0.07277,0.04804,0.00509,6.76472,-12.24917,-3.40298,0.06131,0.31777,1.21948,0.69902,0.60324,0.65113,0.00431,0.00109,74.8699,0.0,0.0,0.0,0.0,0.0,0
148,7.4,1,0.20187,0.20209,0.20165,0.00511,6.47584,-12.01001,-3.13909,0.05995,0.33422,1.23039,0.34191,0.32117,0.33154,0.00507,0.00139,73.22453,0.0,0.0,0.0,0.0,0.0,0
149,7.45,1,0.29209,0.29294,0.29123,0.00489,6.29092,-12.11141,-3.02805,0.05665,0.34063,1.23709,0.14993,0.10547,0.1277,0.00513,0.00135,73.35319,0.0,0.0,0.0,0.0,0.0,0
150,7.5,1,0.30591,0.30874,0.30309,0.00573,6.22646,-12.07545,-2.96225,0.05573,0.33972,1.23858,0.13214,0.07532,0.10373,0.00509,0.00135,73.53044,0.0,0.0,0.0,0.0,0.0,1
151,7.55,1,0.29972,0.30493,0.29451,0.00593,6.21968,-12.19023,-2.94243,0.05774,0.33502,1.23587,0.14876,0.08178,0.11527,0.00529,0.00143,73.72982,0.0,0.0,0.0,0.0,0.0,0
152,7.6,1,0.29963,0.30395,0.29531,0.00596,6.11632,-12.07766,-2.84755,0.05726,0.33706,1.23712,0.14892,0.08631,0.11761,0.0054,0.0015,73.67656,0.0,0.0,0.0,0.0,0.0,0
153,7.65,1,0.31341,0.31649,0.31032,0.0053,6.10466,-11.98098,-2.41947,0.0595,0.34069,1.2399,0.12335,0.06098,0.09216,0.00478,0.00149,73.52976,0.0,0.0,0.0,0.0,0.0,0
154,7.7,1,0.31482,0.31892,0.31072,0.00624,6.05827,-11.99794,-2.08626,0.06149,0.34177,1.24498,0.1281,0.06,0.09405,0.00509,0.00149,73.53795,0.0,0.0,0.0,0.0,0.0,0
155,7.75,1,0.30824,0.31567,0.3008,0.00619,5.89946,-11.9903,-2.3061,0.05403,0.33866,1.24866,0.14049,0.05762,0.09905,0.00478,0.00138,74.28173,0.0,0.0,0.0,0.0,0.0,1
156,7.8,1,0.3052,0.3148,0.2956,0.00658,5.58219,-12.05749,-2.74647,0.04598,0.34006,1.2439,0.15627,0.06373,0.11,0.00493,0.00133,74.00168,0.0,0.0,0.0,0.0,0.0,0
157,7.85,1,0.31139,0.3094,0.31339,0.00669,5.63657,-12.05908,-3.24574,0.04868,0.33866,1.24026,0.11885,0.07534,0.0971,0.00401,0.00106,73.94695,0.0,0.0,0.0,0.0,0.0,0
158,7.9,1,0.31214,0.31312,0.31116,0.00652,5.62262,-12.11117,-3.32114,0.05057,0.34041,1.24182,0.12933,0.07336,0.10134,0.00423,0.0012,73.3754,0.0,0.0,0.0,0.0,0.0,0
159,7.95,1,0.31791,0.32229,0.31353,0.006,5.8362,-12.58907,-3.12619,0.05591,0.33489,1.24356,0.12353,0.05174,0.08763,0.00423,0.00115,73.29809,0.0,0.0,0.0,0.0,0.0,0
160,8.0,1,0.31329,0.31827,0.30832,0.00684,5.91867,-12.81272,-2.86533,0.05923,0.33026,1.24178,0.1314,0.05547,0.09343,0.00328,0.00086,73.39216,0.0,0.0,0.0,0.0,0.0,1
161,8.05,1,0.30513,0.31033,0.29994,0.00648,6.31311,-13.28876,-2.80438,0.06841,0.3238,1.24393,0.14679,0.06078,0.10379,0.00331,0.0009,73.56473,0.0,0.0,0.0,0.0,0.0,0
162,8.1,1,0.30034,0.30527,0.2954,0.00647,6.53017,-13.45714,-2.80961,0.07108,0.32169,1.24539,0.15795,0.06774,0.11285,0.0031,0.00089,73.48575,0.0,0.0,0.0,0.0,0.0,0
163,8.15,1,0.29749,0.30294,0.29204,0.00685,6.53556,-13.44482,-2.76672,0.07204,0.32159,1.24277,0.1623,0.07224,0.11727,0.00439,0.00125,73.40687,0.0,0.0,0.0,0.0,0.0,0
164,8.2,1,0.29678,0.30278,0.29078,0.01002,6.50713,-13.34814,-2.77408,0.06738,0.32306,1.24425,0.16189,0.07286,0.11737,0.0042,0.0013,73.43275,0.0,0.0,0.0,0.0,0.0,0
165,8.25,1,0.29747,0.3031,0.29184,0.00703,6.46848,-13.46809,-2.48524,0.06817,0.3212,1.25565,0.15843,0.07208,0.11525,0.00541,0.00225,73.42602,0.0,0.0,0.0,0.0,0.0,1
166,8.3,1,0.29773,0.30197,0.29349,0.0065,6.42985,-13.47089,-2.41629,0.06754,0.32044,1.25453,0.14635,0.07753,0.11194,0.0056,0.0026,73.41818,0.0,0.0,0.0,0.0,0.0,0
167,8.35,1,0.29869,0.29999,0.29739,0.00572,6.28842,-13.42377,-2.35839,0.06672,0.31739,1.25527,0.1332,0.08694,0.11007,0.00764,0.00371,73.63009,0.0,0.0,0.0,0.0,0.0,0
168,8.4,1,0.29219,0.29067,0.2937,0.00399,5.99369,-13.1087,-1.95383,0.06328,0.32613,1.24529,0.14276,0.11919,0.13098,0.00725,0.00349,73.37142,0.0,0.0,0.0,0.0,0.0,0
169,8.45,1,0.29124,0.28874,0.29375,0.00409,5.68715,-13.05932,-1.70444,0.06107,0.32567,1.24446,0.14445,0.14165,0.14305,0.00688,0.00349,73.19687,0.0,0.0,0.0,0.0,0.0,0
170,8.5,1,0.28989,0.28455,0.29522,0.00522,5.6862,-13.21807,-1.2715,0.06495,0.32611,1.24553,0.15112,0.1461,0.14861,0.00657,0.003,73.06581,0.0,0.0,0.0,0.0,0.0,1
171,8.55,1,0.2908,0.28791,0.29368,0.00544,5.30946,-13.21406,-1.06317,0.05821,0.32132,1.24317,0.15536,0.13871,0.14704,0.00432,0.00192,73.17775,0.0,0.0,0.0,0.0,0.0,0
172,8.6,1,0.28989,0.2866,0.29318,0.0056,5.47975,-13.37741,-0.73159,0.06621,0.31859,1.23843,0.1479,0.13609,0.142,0.00468,0.00199,73.2277,0.0,0.0,0.0,0.0,0.0,0
173,8.65,1,0.28965,0.28744,0.29186,0.00531,5.46112,-13.40239,-0.62371,0.06383,0.31907,1.23954,0.14447,0.13289,0.13868,0.00475,0.00202,72.9151,0.0,0.0,0.0,0.0,0.0,0
174,8.7,1,0.2913,0.29012,0.29248,0.00566,5.49604,-13.40201,-0.64664,0.06498,0.31831,1.23958,0.14622,0.12565,0.13593,0.00531,0.00228,72.89364,0.0,0.0,0.0,0.0,0.0,0
175,8.75,1,0.29152,0.2906,0.29244,0.00586,5.50397,-13.38087,-0.73504,0.06482,0.31829,1.23732,0.14571,0.12572,0.13571,0.00536,0.00219,72.90316,0.0,0.0,0.0,0.0,0.0,1
176,8.8,1,0.29049,0.29028,0.29071,0.00678,5.82277,-13.44053,-0.89381,0.06848,0.31715,1.23772,0.14616,0.12184,0.134,0.00552,0.00224,73.15338,0.0,0.0,0.0,0.0,0.0,0
177,8.85,1,0.28647,0.28843,0.28451,0.00671,5.80555,-13.20802,-0.95076,0.06675,0.31862,1.23687,0.1559,0.12539,0.14064,0.00463,0.00178,73.31563,0.0,0.0,0.0,0.0,0.0,0
178,8.9,1,0.28478,0.28602,0.28354,0.00682,5.98931,-12.85287,-1.14496,0.06722,0.32082,1.23507,0.16613,0.12396,0.14504,0.00486,0.0017,73.376,0.0,0.0,0.0,0.0,0.0,0
179,8.95,1,0.28508,0.28748,0.28269,0.00696,6.06112,-12.57017,-1.25332,0.06896,0.32601,1.23388,0.16434,0.11787,0.14111,0.00417,0.0014,73.38679,0.0,0.0,0.0,0.0,0.0,0
180,9.0,1,0.28557,0.28783,0.28331,0.00653,6.23687,-12.34518,-1.3467,0.07272,0.32927,1.23173,0.16159,0.11718,0.13939,0.00457,0.00143,73.31939,0.0,0.0,0.0,0.0,0.0,1
181,9.05,1,0.2865,0.28937,0.28363,0.00664,6.29955,-12.3113,-1.33191,0.07174,0.33047,1.23158,0.15957,0.11729,0.13843,0.00474,0.00144,73.16591,0.0,0.0,0.0,0.0,0.0,0
182,9.1,1,0.2861,0.28904,0.28317,0.00659,6.29134,-12.17959,-1.32917,0.07204,0.33069,1.23016,0.15969,0.11759,0.13864,0.00433,0.00132,73.05624,0.0,0.0,0.0,0.0,0.0,0
183,9.15,1,0.28753,0.29131,0.28375,0.00623,6.28505,-12.24507,-1.26621,0.07121,0.32922,1.23399,0.16234,0.11888,0.14061,0.00432,0.00131,72.75092,0.0,0.0,0.0,0.0,0.0,0
184,9.2,1,0.2392,0.24191,0.23649,0.00595,6.34566,-12.35974,-1.23045,0.0746,0.32945,1.23175,0.27507,0.25415,0.26461,0.00367,0.00117,72.09127,0.0,0.0,0.0,0.0,0.0,0
185,9.25,1,0.14684,0.13985,0.15383,0.00512,6.38913,-12.60094,-1.1192,0.07703,0.32489,1.22707,0.47833,0.49548,0.4869,0.00362,0.00109,72.25665,0.0,0.0,0.0,0.0,0.0,1
186,9.3,1,0.15157,0.14804,0.15509,0.00458,6.54353,-12.71496,-0.9192,0.08494,0.32765,1.22945,0.49736,0.46889,0.48312,0.00435,0.0016,71.38596,0.0,0.0,0.0,0.0,0.0,0
187,9.35,1,0.20632,0.20583,0.20681,0.00558,6.48438,-12.9617,-0.88039,0.08057,0.31981,1.23624,0.38058,0.33842,0.3595,0.00441,0.0016,71.83795,0.0,0.0,0.0,0.0,0.0,0
188,9.4,1,0.24307,0.24616,0.23998,0.00591,6.5916,-13.05599,-1.03659,0.0803,0.31775,1.23396,0.27977,0.22826,0.25401,0.0037,0.00119,72.65183,0.0,0.0,0.0,0.0,0.0,0
189,9.45,1,0.26511,0.26977,0.26045,0.00592,6.46078,-13.05155,-1.17835,0.07617,0.3189,1.23286,0.23183,0.16923,0.20053,0.00349,0.00105,72.9104,0.0,0.0,0.0,0.0,0.0,0
190,9.5,1,0.27997,0.28101,0.27893,0.00634,6.47101,-13.08087,-1.29558,0.07611,0.31566,1.22927,0.18766,0.1438,0.16573,0.00309,0.00098,72.96706,0.0,0.0,0.0,0.0,0.0,1
191,9.55,1,0.28583,0.28231,0.28935,0.00638,6.48593,-13.00908,-1.21587,0.07629,0.31743,1.22934,0.16718,0.13609,0.15164,0.00231,0.00077,72.97589,0.0,0.0,0.0,0.0,0.0,0
192,9.6,1,0.29111,0.28942,0.2928,0.00636,6.56358,-13.1849,-1.22449,0.0778,0.3191,1.23373,0.16522,0.12039,0.1428,0.00231,0.00076,73.05708,0.0,0.0,0.0,0.0,0.0,0
193,9.65,1,0.29082,0.28951,0.29214,0.00603,6.72957,-13.34537,-1.21137,0.07985,0.31628,1.23556,0.16703,0.11521,0.14112,0.00361,0.00109,73.133,0.0,0.0,0.0,0.0,0.0,0
194,9.7,1,0.2865,0.28813,0.28487,0.00599,6.62939,-13.22658,-1.15371,0.0783,0.31629,1.23278,0.17976,0.11797,0.14887,0.00314,0.00107,73.25679,0.0,0.0,0.0,0.0,0.0,0
195,9.75,1,0.25849,0.25286,0.26412,0.0064,6.50488,-13.18944,-0.93444,0.07675,0.31417,1.23111,0.22411,0.20861,0.21636,0.00412,0.00145,73.22937,0.0,0.0,0.0,0.0,0.0,1
196,9.8,1,0.2163,0.20889,0.22371,0.00693,6.304,-13.02321,-0.64333,0.07175,0.31568,1.22393,0.33936,0.32392,0.33164,0.00599,0.00217,72.28226,0.0,0.0,0.0,0.0,0.0,0
197,9.85,1,0.174,0.16921,0.17879,0.00703,6.10614,-12.95793,-0.43624,0.0715,0.32121,1.22488,0.46519,0.41613,0.44066,0.00575,0.00207,71.93489,0.0,0.0,0.0,0.0,0.0,0
198,9.9,1,0.09212,0.08535,0.09889,0.00643,6.04207,-13.01853,0.15617,0.07586,0.30562,1.21683,0.62537,0.56707,0.59622,0.00475,0.00151,74.08864,0.0,0.0,0.0,0.0,0.0,0
199,9.95,1,0.10345,0.10053,0.10637,0.00597,5.84154,-13.07909,0.2686,0.07358,0.3085,1.22095,0.60093,0.53088,0.5659,0.00506,0.00177,73.39083,0.0,0.0,0.0,0.0,0.0,0
200,10.0,1,0.18969,0.17468,0.2047,0.00571,5.66145,-13.19627,0.38736,0.06921,0.30725,1.22445,0.34557,0.41469,0.38013,0.00426,0.00149,73.01945,0.0,0.0,0.0,0.0,0.0,1
201,10.05,1,0.25487,0.23884,0.27091,0.00671,5.49985,-13.25274,0.60423,0.06622,0.31009,1.22586,0.19262,0.26119,0.22691,0.00388,0.00134,72.85307,0.0,0.0,0.0,0.0,0.0,0
202,10.1,1,0.27972,0.26662,0.29282,0.00633,5.24259,-13.38431,1.19614,0.07033,0.3119,1.22832,0.14692,0.1837,0.16531,0.00365,0.00119,73.34206,0.0,0.0,0.0,0.0,0.0,0
203,10.15,1,0.29398,0.2832,0.30475,0.00638,5.13434,-13.75024,1.38644,0.0719,0.30721,1.2277,0.12372,0.14746,0.13559,0.00361,0.00128,73.07537,0.0,0.0,0.0,0.0,0.0,0
204,10.2,1,0.2916,0.28466,0.29854,0.00653,4.94891,-13.81581,1.47176,0.06781,0.30779,1.22691,0.13098,0.14314,0.13706,0.00368,0.00134,73.11727,0.0,0.0,0.0,0.0,0.0,0
205,10.25,1,0.2906,0.28558,0.29562,0.00673,4.97064,-13.79355,1.50332,0.06818,0.3091,1.22744,0.13858,0.14066,0.13962,0.00349,0.00137,73.0065,0.0,0.0,0.0,0.0,0.0,1
206,10.3,1,0.2904,0.29032,0.29049,0.00565,4.84412,-13.62632,1.50709,0.06756,0.31111,1.22823,0.14847,0.12615,0.13731,0.00321,0.00132,73.17161,0.0,0.0,0.0,0.0,0.0,0
207,10.35,1,0.2918,0.29469,0.2889,0.00568,4.86378,-13.5566,1.50885,0.06839,0.31158,1.23029,0.15135,0.11674,0.13405,0.00334,0.00147,73.16187,0.0,0.0,0.0,0.0,0.0,0
208,10.4,1,0.29575,0.29659,0.2949,0.00588,4.73495,-13.37728,1.49761,0.06683,0.31401,1.23146,0.1394,0.11261,0.126,0.00405,0.00164,73.23644,0.0,0.0,0.0,0.0,0.0,0
209,10.45,1,0.29601,0.2945,0.29751,0.00589,4.75415,-13.35097,1.49314,0.0678,0.3141,1.23106,0.13328,0.11836,0.12582,0.00458,0.00182,73.33481,0.0,0.0,0.0,0.0,0.0,0
210,10.5,1,0.29581,0.29363,0.29799,0.00585,4.72046,-13.28629,1.50497,0.06845,0.31552,1.22836,0.13322,0.12327,0.12824,0.00434,0.00169,73.38522,0.0,0.0,0.0,0.0,0.0,1
211,10.55,1,0.2892,0.28579,0.29262,0.00575,4.59022,-13.0986,1.71632,0.06964,0.31436,1.22647,0.13905,0.1423,0.14067,0.00407,0.00152,73.91344,0.0,0.0,0.0,0.0,0.0,0
212,10.6,1,0.28855,0.28496,0.29214,0.00625,4.54683,-13.07403,1.85505,0.0707,0.31497,1.22455,0.14239,0.14493,0.14366,0.00412,0.00143,74.01898,0.0,0.0,0.0,0.0,0.0,0
213,10.65,1,0.2883,0.28536,0.29124,0.00677,4.39994,-12.97126,2.14989,0.06941,0.3151,1.22307,0.14848,0.1544,0.15144,0.00448,0.00146,73.94252,0.0,0.0,0.0,0.0,0.0,0
214,10.7,1,0.28621,0.28385,0.28857,0.00655,4.37663,-12.9712,2.22807,0.06917,0.31474,1.2262,0.15256,0.158,0.15528,0.00438,0.00153,73.83221,0.0,0.0,0.0,0.0,0.0,0
215,10.75,1,0.28477,0.28216,0.28738,0.00599,4.24541,-12.85644,2.36177,0.06714,0.31757,1.22727,0.15715,0.16433,0.16074,0.00409,0.00149,73.81527,0.0,0.0,0.0,0.0,0.0,1
216,10.8,1,0.28596,0.28439,0.28753,0.00553,4.1839,-12.89363,2.39949,0.0679,0.31771,1.22467,0.15784,0.15719,0.15752,0.00439,0.00173,73.73061,0.0,0.0,0.0,0.0,0.0,0
217,10.85,1,0.2849,0.28292,0.28689,0.00512,4.15361,-12.75269,2.52481,0.06976,0.32008,1.2241,0.15581,0.16084,0.15833,0.0042,0.00158,73.90473,0.0,0.0,0.0,0.0,0.0,0
218,10.9,1,0.28438,0.2816,0.28716,0.00551,4.03528,-12.64522,2.63613,0.06867,0.32142,1.2238,0.15343,0.16591,0.15967,0.00426,0.00158,73.91232,0.0,0.0,0.0,0.0,0.0,0
219,10.95,1,0.28557,0.28079,0.29034,0.00539,3.99679,-12.67033,2.90484,0.071,0.31999,1.22301,0.15707,0.17023,0.16365,0.00404,0.00143,73.899,0.0,0.0,0.0,0.0,0.0,0
220,11.0,1,0.28323,0.27962,0.28683,0.00553,3.85433,-12.62331,3.0052,0.06758,0.3206,1.22575,0.15925,0.16332,0.16129,0.00435,0.00155,73.76924,0.0,0.0,0.0,0.0,0.0,1
221,11.05,1,0.28191,0.27742,0.28639,0.00499,3.80001,-12.59241,3.04681,0.0667,0.32085,1.22437,0.1637,0.16966,0.16668,0.00529,0.0019,73.58548,0.0,0.0,0.0,0.0,0.0,0
222,11.1,1,0.28253,0.27818,0.28687,0.00513,3.6764,-12.45112,3.04511,0.06587,0.32088,1.22376,0.1642,0.16963,0.16691,0.00561,0.00206,73.53346,0.0,0.0,0.0,0.0,0.0,0
223,11.15,1,0.28154,0.27753,0.28555,0.0054,3.63927,-12.36329,3.02993,0.06549,0.32118,1.22327,0.16554,0.16929,0.16741,0.00595,0.00214,73.5693,0.0,0.0,0.0,0.0,0.0,0
224,11.2,1,0.282,0.27792,0.28608,0.00565,3.63622,-12.36203,3.01402,0.06479,0.32105,1.2228,0.16297,0.16527,0.16412,0.00601,0.00215,73.61819,0.0,0.0,0.0,0.0,0.0,0
225,11.25,1,0.27567,0.27181,0.27953,0.00565,3.64833,-12.36399,3.02033,0.06488,0.32021,1.2218,0.17501,0.18061,0.17781,0.0059,0.00213,73.63254,0.0,0.0,0.0,0.0,0.0,1
226,11.3,1,0.27031,0.26618,0.27443,0.00565,3.62358,-12.37337,3.01861,0.06511,0.31913,1.22113,0.18502,0.19276,0.18889,0.00607,0.00223,73.60044,0.0,0.0,0.0,0.0,0.0,0
227,11.35,1,0.26897,0.26487,0.27307,0.00549,3.58342,-12.31628,2.99052,0.06547,0.31856,1.22146,0.19262,0.19932,0.19597,0.00625,0.00228,73.53034,0.0,0.0,0.0,0.0,0.0,0
228,11.4,1,0.26982,0.26589,0.27376,0.00531,3.60052,-12.32163,2.97551,0.06618,0.31892,1.22191,0.19179,0.19955,0.19567,0.00612,0.00223,73.39019,0.0,0.0,0.0,0.0,0.0,0
229,11.45,1,0.26634,0.26141,0.27127,0.00476,3.61623,-12.43886,3.03771,0.0673,0.31824,1.22166,0.20207,0.21461,0.20834,0.00574,0.00218,73.24672,0.0,0.0,0.0,0.0,0.0,0
230,11.5,1,0.25499,0.24794,0.26204,0.00407,3.57298,-12.9364,3.24615,0.07297,0.31376,1.22174,0.20596,0.22135,0.21366,0.0055,0.002,73.25191,0.0,0.0,0.0,0.0,0.0,1
231,11.55,1,0.2411,0.23481,0.2474,0.00332,3.5017,-13.01565,3.39199,0.07628,0.31346,1.22293,0.24963,0.25107,0.25035,0.00596,0.00227,72.43663,0.0,0.0,0.0,0.0,0.0,0
232,11.6,1,0.23444,0.23008,0.23881,0.00416,2.91982,-13.44616,3.51823,0.06683,0.30977,1.22286,0.25614,0.27676,0.26645,0.00517,0.00226,72.31212,0.0,0.0,0.0,0.0,0.0,0
233,11.65,1,0.23951,0.23613,0.24289,0.00319,2.29915,-13.29188,3.54573,0.05988,0.31148,1.22295,0.24731,0.269,0.25815,0.00467,0.002,72.27699,0.0,0.0,0.0,0.0,0.0,0
234,11.7,1,0.24101,0.23708,0.24494,0.00376,1.92299,-13.22827,3.61093,0.05717,0.31351,1.22253,0.24565,0.26887,0.25726,0.00471,0.00189,72.16806,0.0,0.0,0.0,0.0,0.0,0
235,11.75,1,0.24276,0.23861,0.2469,0.0033,1.73856,-12.95496,3.64711,0.05819,0.31641,1.22273,0.25482,0.26315,0.25898,0.00501,0.002,72.14274,0.0,0.0,0.0,0.0,0.0,1
236,11.8,1,0.24212,0.23711,0.24713,0.00355,1.84202,-12.949,3.68903,0.06207,0.3171,1.22142,0.25817,0.26617,0.26217,0.00584,0.00234,72.1513,0.0,0.0,0.0,0.0,0.0,0
237,11.85,1,0.22907,0.22341,0.23473,0.00348,1.74663,-12.84065,3.67894,0.06259,0.3232,1.22222,0.29698,0.29547,0.29623,0.00622,0.00279,71.35539,0.0,0.0,0.0,0.0,0.0,0
238,11.9,1,0.13715,0.13813,0.13618,0.00369,1.80191,-12.8874,3.58418,0.06198,0.31426,1.21425,0.55049,0.51213,0.53131,0.00681,0.0029,71.85269,0.0,0.0,0.0,0.0,0.0,0
239,11.95,1,0.05625,0.07832,0.03418,0.00464,1.80551,-12.91261,3.51224,0.05261,0.29944,1.21019,0.74332,0.63948,0.6914,0.00679,0.00278,74.3681,0.0,0.0,0.0,0.0,0.0,0
240,12.0,1,0.07382,0.08535,0.06229,0.00482,1.80642,-12.90029,3.4434,0.0507,0.30277,1.21048,0.67537,0.61304,0.64421,0.00749,0.00311,73.73911,0.0,0.0,0.0,0.0,0.0,1
241,12.05,1,0.18283,0.18828,0.17739,0.00463,1.85983,-12.72723,3.34933,0.0504,0.31167,1.21793,0.36642,0.37043,0.36843,0.00685,0.00273,73.27513,0.0,0.0,0.0,0.0,0.0,0
242,12.1,1,0.23994,0.24456,0.23532,0.00389,1.90088,-12.51348,3.23837,0.05059,0.3176,1.22255,0.24139,0.26065,0.25102,0.00637,0.00242,73.23548,0.0,0.0,0.0,0.0,0.0,0
243,12.15,1,0.26663,0.27309,0.26017,0.00315,1.91225,-12.33658,3.12343,0.0498,0.32105,1.22304,0.19262,0.18443,0.18852,0.00723,0.00256,73.30656,0.0,0.0,0.0,0.0,0.0,0
244,12.2,1,0.28487,0.29278,0.27697,0.00299,1.95742,-12.28601,3.05912,0.05009,0.32207,1.22451,0.16541,0.1399,0.15265,0.00759,0.00265,73.39843,0.0,0.0,0.0,0.0,0.0,0
245,12.25,1,0.29141,0.29761,0.28521,0.00327,2.109,-12.20443,3.02047,0.05269,0.32344,1.22549,0.15737,0.13129,0.14433,0.00791,0.00259,73.52174,0.0,0.0,0.0,0.0,0.0,1
246,12.3,1,0.29495,0.30055,0.28934,0.00324,2.10426,-12.12915,2.94158,0.05289,0.32351,1.22447,0.15097,0.12619,0.13858,0.00802,0.00261,73.62672,0.0,0.0,0.0,0.0,0.0,0
247,12.35,1,0.29475,0.29881,0.29069,0.00321,2.20302,-11.9322,2.87245,0.05169,0.32634,1.22314,0.14799,0.12773,0.13786,0.00771,0.00255,73.52958,0.0,0.0,0.0,0.0,0.0,0
248,12.4,1,0.29359,0.29672,0.29046,0.00319,2.36614,-11.87177,2.75243,0.05309,0.32727,1.22212,0.14696,0.12786,0.13741,0.00737,0.00242,73.6325,0.0,0.0,0.0,0.0,0.0,0
249,12.45,1,0.2931,0.29726,0.28895,0.00404,2.57446,-11.89524,2.57198,0.05359,0.32467,1.21782,0.14644,0.12192,0.13418,0.0063,0.00205,73.93235,0.0,0.0,0.0,0.0,0.0,0
250,12.5,1,0.29211,0.29577,0.28846,0.00454,2.68334,-11.90414,2.56479,0.05513,0.32354,1.22275,0.14471,0.11817,0.13144,0.007,0.00219,74.08395,0.0,0.0,0.0,0.0,0.0,1
251,12.55,1,0.29501,0.29818,0.29183,0.00496,2.77454,-11.89529,2.51207,0.05625,0.32545,1.22171,0.14243,0.11613,0.12928,0.00728,0.00235,73.68837,0.0,0.0,0.0,0.0,0.0,0
252,12.6,1,0.29384,0.29652,0.29117,0.00482,2.7895,-11.90836,2.33092,0.05333,0.32656,1.22121,0.13782,0.11896,0.12839,0.00643,0.00213,73.58191,0.0,0.0,0.0,0.0,0.0,0
253,12.65,1,0.29402,0.29605,0.29199,0.00518,2.81168,-11.97326,2.2629,0.05366,0.32718,1.22268,0.13921,0.11763,0.12842,0.0069,0.00226,73.49881,0.0,0.0,0.0,0.0,0.0,0
254,12.7,1,0.29539,0.29682,0.29396,0.00528,2.92011,-12.08522,2.06019,0.05403,0.3245,1.22468,0.1337,0.12037,0.12704,0.00567,0.0019,73.74108,0.0,0.0,0.0,0.0,0.0,0
255,12.75,1,0.29328,0.2939,0.29267,0.00568,3.03015,-12.33185,1.9264,0.0556,0.32274,1.22667,0.13323,0.13035,0.13179,0.00556,0.00188,73.93359,0.0,0.0,0.0,0.0,0.0,1
256,12.8,1,0.29541,0.29673,0.29408,0.00525,3.01232,-12.34304,1.83539,0.05452,0.32299,1.22658,0.1316,0.11786,0.12473,0.00544,0.0018,73.99721,0.0,0.0,0.0,0.0,0.0,0
257,12.85,1,0.29753,0.29763,0.29743,0.00522,3.09176,-12.31819,1.69754,0.05594,0.32326,1.22701,0.13312,0.11723,0.12518,0.00608,0.00197,73.82491,0.0,0.0,0.0,0.0,0.0,0
258,12.9,1,0.29363,0.29378,0.29348,0.00717,3.1204,-12.18397,1.64034,0.05516,0.32607,1.22526,0.14198,0.11934,0.13066,0.00597,0.00202,73.89041,0.0,0.0,0.0,0.0,0.0,0
259,12.95,1,0.29269,0.29241,0.29298,0.00753,3.13564,-12.06094,1.64149,0.05377,0.32745,1.22574,0.14315,0.11947,0.13131,0.00636,0.00212,73.8709,0.0,0.0,0.0,0.0,0.0,0
260,13.0,1,0.29032,0.28912,0.29152,0.00704,3.08005,-11.97986,1.68692,0.05327,0.3277,1.22472,0.14605,0.12789,0.13697,0.00643,0.00218,73.88336,0.0,0.0,0.0,0.0,0.0,1
261,13.05,1,0.28924,0.28796,0.29053,0.00718,3.09294,-11.87392,1.6944,0.05319,0.32771,1.22327,0.1475,0.12899,0.13825,0.00656,0.00218,73.90727,0.0,0.0,0.0,0.0,0.0,0
262,13.1,1,0.28804,0.28754,0.28854,0.00553,3.08312,-11.84493,1.70053,0.05295,0.33033,1.22565,0.15205,0.13143,0.14174,0.00737,0.00238,73.90671,0.0,0.0,0.0,0.0,0.0,0
263,13.15,1,0.28907,0.28795,0.29019,0.00699,3.0921,-11.81903,1.60068,0.05241,0.3313,1.22625,0.1512,0.13047,0.14083,0.00737,0.00252,73.87383,0.0,0.0,0.0,0.0,0.0,0
264,13.2,1,0.28641,0.28461,0.28821,0.00531,2.89612,-10.98412,1.55546,0.0481,0.34542,1.22771,0.15388,0.13577,0.14483,0.01128,0.00343,73.65291,0.0,0.0,0.0,0.0,0.0,0
265,13.25,1,0.28546,0.28281,0.2881,0.00466,2.94385,-10.65543,1.61575,0.04888,0.3487,1.22546,0.15949,0.14144,0.15047,0.01054,0.00339,73.54317,0.0,0.0,0.0,0.0,0.0,1
266,13.3,1,0.288,0.28179,0.29421,0.00479,3.06965,-10.78291,1.84275,0.0544,0.34641,1.22433,0.16439,0.1455,0.15494,0.01049,0.00341,73.30514,0.0,0.0,0.0,0.0,0.0,0
267,13.35,1,0.28636,0.28246,0.29026,0.00444,3.04932,-10.91596,2.00245,0.05496,0.34408,1.22355,0.1708,0.14374,0.15727,0.0098,0.00344,73.12676,0.0,0.0,0.0,0.0,0.0,0
268,13.4,1,0.28633,0.28265,0.29001,0.00773,3.015,-11.08728,2.03269,0.05481,0.33924,1.22384,0.16966,0.14187,0.15576,0.0099,0.00346,73.18101,0.0,0.0,0.0,0.0,0.0,0
269,13.45,1,0.05931,0.08569,0.03293,0.00609,6.75316,-13.45081,-5.78131,0.06198,0.30952,1.25815,0.7421,0.61982,0.68096,0.00913,0.00299,75.7879,0.0,0.0,0.0,0.0,0.0,0
270,13.5,1,0.18683,0.17445,0.19921,0.00262,6.99109,-13.51348,-6.24323,0.06043,0.33014,1.26445,0.38578,0.40269,0.39423,0.0077,0.00407,73.93153,0.0,0.0,0.0,0.0,0.0,1
271,13.55,1,0.26022,0.26187,0.25857,0.0039,7.22658,-13.82684,-6.21049,0.05697,0.33415,1.26745,0.23296,0.16811,0.20053,0.0055,0.00284,74.88004,0.0,0.0,0.0,0.0,0.0,0
272,13.6,1,0.27931,0.3056,0.25302,0.00334,7.12144,-13.68201,-5.8313,0.05616,0.3369,1.27117,0.27475,0.06039,0.16757,0.00649,0.00304,74.68156,0.0,0.0,0.0,0.0,0.0,0
273,13.65,1,0.26652,0.27827,0.25476,0.00476,7.4974,-13.97154,-5.63665,0.06433,0.33724,1.27568,0.26526,0.11087,0.18807,0.00736,0.00402,74.44817,0.0,0.0,0.0,0.0,0.0,0
274,13.7,1,0.11197,0.11464,0.10931,0.00353,7.58013,-13.9801,-5.43284,0.06798,0.33171,1.26676,0.60693,0.54473,0.57583,0.00912,0.00509,74.68613,0.0,0.0,0.0,0.0,0.0,0
275,13.75,1,0.15242,0.16975,0.13508,0.00361,7.39407,-14.01114,-5.30322,0.06378,0.32864,1.27063,0.57612,0.39864,0.48738,0.00705,0.00418,73.6169,0.0,0.0,0.0,0.0,0.0,1
276,13.8,1,0.28084,0.28152,0.28017,0.004,7.27569,-14.01397,-5.05417,0.06317,0.32852,1.27054,0.20428,0.10953,0.1569,0.00433,0.00257,73.78758,0.0,0.0,0.0,0.0,0.0,0
277,13.85,1,0.32063,0.31443,0.32683,0.00463,7.15931,-13.91485,-4.86782,0.06368,0.32833,1.26647,0.09859,0.04774,0.07316,0.00522,0.00298,73.89088,0.0,0.0,0.0,0.0,0.0,0
278,13.9,1,0.33392,0.32859,0.33925,0.00443,7.01439,-13.74966,-4.73791,0.06158,0.32927,1.26433,0.07018,0.03405,0.05211,0.0053,0.003,73.81191,0.0,0.0,0.0,0.0,0.0,0
279,13.95,1,0.33459,0.33052,0.33867,0.00522,6.96351,-13.74788,-4.71577,0.06127,0.32806,1.26347,0.06663,0.03331,0.04997,0.00529,0.00296,73.89358,0.0,0.0,0.0,0.0,0.0,0
280,14.0,1,0.33405,0.33104,0.33707,0.00588,6.93664,-13.79694,-4.62713,0.0616,0.32805,1.26226,0.0664,0.03157,0.04898,0.00547,0.00287,73.85071,0.0,0.0,0.0,0.0,0.0,1
281,14.05,1,0.33402,0.33247,0.33558,0.006,6.893,-13.83219,-4.55559,0.06049,0.32744,1.26061,0.07178,0.03161,0.05169,0.00517,0.00267,73.75837,0.0,0.0,0.0,0.0,0.0,0
282,14.1,1,0.33196,0.33038,0.33354,0.0054,6.79744,-13.99771,-4.51556,0.06012,0.32583,1.25587,0.08205,0.03646,0.05926,0.00529,0.0023,73.57669,0.0,0.0,0.0,0.0,0.0,0
283,14.15,1,0.32721,0.32475,0.32968,0.00502,6.78063,-14.07073,-4.48189,0.06078,0.32323,1.25322,0.09087,0.04241,0.06664,0.00444,0.00189,73.51028,0.0,0.0,0.0,0.0,0.0,0
284,14.2,1,0.32398,0.32173,0.32624,0.00553,6.76589,-14.0998,-4.33788,0.06115,0.32322,1.25278,0.09656,0.04582,0.07119,0.00333,0.00136,73.48385,0.0,0.0,0.0,0.0,0.0,0
285,14.25,1,0.3205,0.31794,0.32306,0.0058,6.77096,-14.16542,-4.28424,0.06154,0.32069,1.25328,0.1001,0.04958,0.07484,0.00359,0.00135,73.4655,0.0,0.0,0.0,0.0,0.0,1
286,14.3,1,0.29014,0.28619,0.29409,0.00568,6.74216,-14.39678,-4.29893,0.06045,0.31826,1.25189,0.1704,0.12443,0.14741,0.00476,0.00186,72.95518,0.0,0.0,0.0,0.0,0.0,0
287,14.35,1,0.15331,0.13977,0.16685,0.00601,6.78034,-14.52514,-4.36681,0.06005,0.31383,1.23939,0.49837,0.51145,0.50491,0.00526,0.00236,72.15518,0.0,0.0,0.0,0.0,0.0,0
288,14.4,1,0.02516,0.01833,0.03199,0.00558,6.82375,-14.32447,-4.71971,0.05569,0.30002,1.23051,0.84189,0.73929,0.79059,0.00455,0.00165,74.26192,0.0,0.0,0.0,0.0,0.0,0
289,14.45,1,0.08269,0.08813,0.07725,0.00565,6.66586,-14.04013,-4.79208,0.05036,0.31439,1.23105,0.67967,0.59741,0.63854,0.00412,0.00149,73.03705,0.0,0.0,0.0,0.0,0.0,0
290,14.5,1,0.18968,0.20261,0.17675,0.00575,6.78592,-13.98301,-5.00069,0.05543,0.31888,1.234,0.47326,0.30105,0.38715,0.00352,0.00116,72.92413,0.0,0.0,0.0,0.0,0.0,1
291,14.55,1,0.25126,0.26031,0.24221,0.0055,6.9607,-13.86756,-5.12619,0.05942,0.32242,1.23614,0.27378,0.13421,0.204,0.00343,0.00097,73.43186,0.0,0.0,0.0,0.0,0.0,0
292,14.6,1,0.27603,0.27894,0.27313,0.00541,7.10032,-13.73308,-5.04315,0.06317,0.32607,1.2394,0.18364,0.09056,0.1371,0.0041,0.00113,73.55033,0.0,0.0,0.0,0.0,0.0,0
293,14.65,1,0.29684,0.29638,0.2973,0.00538,7.11154,-13.69837,-5.13963,0.06343,0.32466,1.23697,0.14067,0.06681,0.10374,0.00336,0.00091,73.68014,0.0,0.0,0.0,0.0,0.0,0
294,14.7,1,0.29853,0.2932,0.30385,0.00536,7.17354,-13.68218,-5.13374,0.06533,0.32314,1.23442,0.12687,0.07353,0.1002,0.00271,0.0007,73.92692,0.0,0.0,0.0,0.0,0.0,0
295,14.75,1,0.29903,0.29277,0.30529,0.00524,7.30224,-13.58581,-5.19234,0.06627,0.32365,1.23643,0.12361,0.07467,0.09914,0.00242,0.00067,74.03417,0.0,0.0,0.0,0.0,0.0,1
296,14.8,1,0.29947,0.29274,0.30621,0.00514,7.31392,-13.50631,-5.17703,0.0651,0.32496,1.23356,0.11979,0.07353,0.09666,0.00294,0.00076,74.15433,0.0,0.0,0.0,0.0,0.0,0
297,14.85,1,0.29644,0.29029,0.30259,0.00519,7.03427,-12.85843,-5.04483,0.06418,0.33008,1.23553,0.12549,0.07768,0.10158,0.00368,0.00097,73.89606,0.0,0.0,0.0,0.0,0.0,0
298,14.9,1,0.29375,0.28825,0.29925,0.00553,6.53743,-12.48167,-4.98286,0.05549,0.33286,1.23727,0.13171,0.08057,0.10614,0.00443,0.00114,73.8733,0.0,0.0,0.0,0.0,0.0,0
299,14.95,1,0.26847,0.26573,0.27121,0.00589,6.18935,-12.30095,-4.7804,0.05009,0.33543,1.23873,0.18182,0.15093,0.16638,0.00477,0.00127,73.54306,0.0,0.0,0.0,0.0,0.0,0
300,15.0,1,0.18783,0.19228,0.18338,0.00619,6.00508,-12.27416,-4.76715,0.04713,0.33284,1.23075,0.43477,0.39227,0.41352,0.00548,0.00154,73.02302,0.0,0.0,0.0,0.0,0.0,1
301,15.05,1,0.19796,0.19853,0.19739,0.00662,5.71048,-12.30308,-4.6602,0.04091,0.33299,1.22806,0.40408,0.39627,0.40017,0.00531,0.00145,72.86359,0.0,0.0,0.0,0.0,0.0,0
302,15.1,1,0.23529,0.23278,0.2378,0.00669,5.4057,-12.24858,-4.52907,0.03837,0.33422,1.22447,0.27868,0.31458,0.29663,0.0052,0.00129,73.26363,0.0,0.0,0.0,0.0,0.0,0
303,15.15,1,0.28475,0.27693,0.29256,0.00655,5.04257,-12.2593,-3.72896,0.04338,0.3344,1.22358,0.16634,0.19144,0.17889,0.00748,0.00188,73.54495,0.0,0.0,0.0,0.0,0.0,0
304,15.2,1,0.29789,0.29358,0.30219,0.00496,4.64613,-12.2174,-3.13476,0.0416,0.33716,1.22824,0.14624,0.15207,0.14916,0.0057,0.00164,73.41104,0.0,0.0,0.0,0.0,0.0,0
305,15.25,1,0.30528,0.30231,0.30824,0.00349,4.3979,-12.43961,-2.41988,0.04539,0.33198,1.23444,0.13476,0.12102,0.12789,0.00675,0.00233,73.38637,0.0,0.0,0.0,0.0,0.0,1
306,15.3,1,0.30312,0.30295,0.3033,0.00476,4.17449,-12.64422,-1.97792,0.0455,0.32833,1.23151,0.13686,0.11718,0.12702,0.00592,0.00205,73.76428,0.0,0.0,0.0,0.0,0.0,0
307,15.35,1,0.30703,0.3073,0.30676,0.00532,4.11162,-12.65201,-1.31292,0.04876,0.33022,1.23441,0.13584,0.09672,0.11628,0.00735,0.00259,73.69884,0.0,0.0,0.0,0.0,0.0,0
308,15.4,1,0.30731,0.30892,0.30569,0.0052,3.9121,-12.50041,-0.94077,0.04428,0.33227,1.23804,0.13484,0.09257,0.1137,0.00692,0.00273,73.66778,0.0,0.0,0.0,0.0,0.0,0
309,15.45,1,0.30605,0.30779,0.30432,0.00574,3.89377,-12.47254,-0.63507,0.0446,0.33305,1.23967,0.12689,0.09061,0.10875,0.00673,0.00306,73.57848,0.0,0.0,0.0,0.0,0.0,0
310,15.5,1,0.30714,0.30675,0.30752,0.00569,3.92594,-12.44216,-0.60791,0.04585,0.33086,1.24056,0.11794,0.09118,0.10456,0.0059,0.00283,73.69255,0.0,0.0,0.0,0.0,0.0,1
311,15.55,1,0.30436,0.30613,0.30258,0.00503,3.86781,-12.47813,-0.36556,0.04824,0.33087,1.24504,0.11937,0.08603,0.1027,0.00479,0.0027,73.97118,0.0,0.0,0.0,0.0,0.0,0
312,15.6,1,0.30321,0.30674,0.29968,0.0049,3.91084,-12.44335,-0.54962,0.0507,0.33328,1.24719,0.12908,0.08282,0.10595,0.00406,0.00198,73.82827,0.0,0.0,0.0,0.0,0.0,0
313,15.65,1,0.30453,0.3077,0.30135,0.00466,4.14087,-12.7066,-1.08291,0.05169,0.33059,1.25421,0.13086,0.07648,0.10367,0.00338,0.00166,73.90726,0.0,0.0,0.0,0.0,0.0,0
314,15.7,1,0.30585,0.30815,0.30354,0.00447,4.15708,-12.7647,-1.32948,0.04896,0.33139,1.25498,0.13098,0.07739,0.10419,0.00398,0.00202,73.42415,0.0,0.0,0.0,0.0,0.0,0
315,15.75,1,0.30013,0.30102,0.29925,0.00292,4.16977,-12.88671,-1.41217,0.0482,0.32946,1.25338,0.14552,0.09893,0.12222,0.00283,0.00157,73.32602,0.0,0.0,0.0,0.0,0.0,1
316,15.8,1,0.30366,0.30214,0.30519,0.0028,4.19468,-13.02357,-1.45677,0.0515,0.32854,1.25531,0.14845,0.10331,0.12588,0.00217,0.00129,72.77635,0.0,0.0,0.0,0.0,0.0,0
317,15.85,1,0.30731,0.30216,0.31246,0.0023,4.13749,-13.57575,-1.37649,0.0512,0.31825,1.25568,0.14435,0.11039,0.12737,0.00197,0.00111,72.76628,0.0,0.0,0.0,0.0,0.0,0
318,15.9,1,0.30818,0.30171,0.31465,0.00307,4.13075,-14.17696,-1.12655,0.05571,0.30816,1.25004,0.13822,0.11375,0.12598,0.00142,0.00079,72.95797,0.0,0.0,0.0,0.0,0.0,0
319,15.95,1,0.30663,0.30117,0.31208,0.00571,3.68195,-14.8067,-0.26072,0.04655,0.30261,1.23366,0.12606,0.1043,0.11518,0.00229,0.00129,73.26133,0.0,0.0,0.0,0.0,0.0,0
320,16.0,1,0.3056,0.30212,0.30909,0.00851,3.29906,-14.7599,0.46806,0.0444,0.30891,1.23917,0.13226,0.10392,0.11809,0.0031,0.00168,72.91669,0.0,0.0,0.0,0.0,0.0,1
321,16.05,1,0.31027,0.30717,0.31337,0.00863,3.0942,-14.93841,1.08127,0.04962,0.30764,1.23986,0.11889,0.08556,0.10222,0.00393,0.00221,73.17004,0.0,0.0,0.0,0.0,0.0,0
322,16.1,1,0.30342,0.29806,0.30877,0.01281,2.78912,-14.66074,1.2124,0.04451,0.30593,1.23854,0.12628,0.12046,0.12337,0.00367,0.00197,73.2613,0.0,0.0,0.0,0.0,0.0,0
323,16.15,1,0.30067,0.29674,0.3046,0.03101,1.96008,-13.75158,1.0857,0.03044,0.31765,1.24468,0.11913,0.12418,0.12165,0.0113,0.00533,73.4913,0.0,0.0,0.0,0.0,0.0,0
324,16.2,1,0.29616,0.29137,0.30096,0.02328,1.69804,-13.50662,0.9422,0.02874,0.3244,1.24638,0.13217,0.147,0.13959,0.00751,0.00409,73.02512,0.0,0.0,0.0,0.0,0.0,0
325,16.25,1,0.29861,0.29491,0.30231,0.02269,1.271,-13.45394,0.91592,0.02133,0.32665,1.24793,0.12785,0.13426,0.13105,0.00851,0.0047,72.95047,0.0,0.0,0.0,0.0,0.0,1
326,16.3,1,0.30246,0.29987,0.30505,0.02866,0.88327,-13.24697,0.94064,0.01735,0.32868,1.24583,0.12214,0.12478,0.12346,0.00821,0.00424,73.07213,0.0,0.0,0.0,0.0,0.0,0
327,16.35,1,0.3003,0.30229,0.29832,0.03524,0.47712,-13.69083,1.96,0.01381,0.3203,1.24429,0.12522,0.09671,0.11096,0.00791,0.0037,73.68573,0.0,0.0,0.0,0.0,0.0,0
328,16.4,1,0.3008,0.30545,0.29616,0.03355,0.20637,-13.56744,2.45218,0.01159,0.31747,1.2454,0.13633,0.10324,0.11979,0.00663,0.00293,73.66269,0.0,0.0,0.0,0.0,0.0,0
329,16.45,1,0.29583,0.29609,0.29558,0.05438,0.05134,-13.20024,3.34214,0.01229,0.31787,1.24265,0.13926,0.12476,0.13201,0.0079,0.00311,73.85959,0.0,0.0,0.0,0.0,0.0,0
330,16.5,1,0.30077,0.30232,0.29923,0.05271,0.01255,-12.9761,3.65465,0.01611,0.32268,1.24176,0.14238,0.12413,0.13325,0.00779,0.00297,73.29336,0.0,0.0,0.0,0.0,0.0,1
331,16.55,1,0.30232,0.30731,0.29733,0.06462,-0.18767,-12.44781,3.70889,0.01243,0.32723,1.23537,0.13235,0.09782,0.11509,0.00687,0.00211,73.97741,0.0,0.0,0.0,0.0,0.0,0
332,16.6,1,0.30547,0.30765,0.3033,0.07822,-0.18422,-12.27533,3.57386,0.01334,0.33302,1.24461,0.12347,0.09981,0.11164,0.01292,0.00354,73.29683,0.0,0.0,0.0,0.0,0.0,0
333,16.65,1,0.2863,0.28623,0.28637,0.06061,-0.25863,-12.37178,3.78464,0.01204,0.32369,1.24394,0.14923,0.15772,0.15348,0.00656,0.00207,73.48901,0.0,0.0,0.0,0.0,0.0,0
334,16.7,1,0.27206,0.27169,0.27244,0.06016,-0.26839,-12.47585,3.7669,0.00909,0.32251,1.23975,0.17372,0.19473,0.18423,0.00829,0.00271,72.81486,0.0,0.0,0.0,0.0,0.0,0
335,16.75,1,0.26721,0.26676,0.26766,0.0332,-0.38916,-12.65044,3.70562,0.00666,0.32118,1.2398,0.18413,0.21307,0.1986,0.00498,0.00204,72.46062,0.0,0.0,0.0,0.0,0.0,1
336,16.8,1,0.26854,0.26754,0.26954,0.01323,-0.67486,-12.78673,3.67367,0.00134,0.32346,1.23736,0.18401,0.22505,0.20453,0.00334,0.00161,72.06272,0.0,0.0,0.0,0.0,0.0,0
337,16.85,1,0.26306,0.26228,0.26384,0.00967,-0.83673,-12.96452,3.72453,-0.00036,0.31667,1.23391,0.19209,0.22759,0.20984,0.0035,0.00155,72.46902,0.0,0.0,0.0,0.0,0.0,0
338,16.9,1,0.26042,0.25964,0.26119,0.00839,-0.72007,-12.94477,3.95642,0.00594,0.31371,1.23169,0.20265,0.23021,0.21643,0.00264,0.00107,72.9803,0.0,0.0,0.0,0.0,0.0,0
339,16.95,1,0.26373,0.26407,0.26339,0.0083,-0.67185,-12.97125,4.11047,0.0075,0.31185,1.23256,0.20304,0.23405,0.21854,0.00242,0.00105,72.91122,0.0,0.0,0.0,0.0,0.0,0
340,17.0,1,0.23502,0.23267,0.23737,0.00644,-0.87127,-12.49798,4.39692,0.00602,0.32328,1.23595,0.26877,0.31981,0.29429,0.00304,0.0014,71.88161,0.0,0.0,0.0,0.0,0.0,1
341,17.05,1,0.11712,0.13229,0.10195,0.00648,-1.06443,-12.0401,4.31526,0.00383,0.32128,1.22922,0.60194,0.50663,0.55428,0.00371,0.00153,73.20774,0.0,0.0,0.0,0.0,0.0,0
342,17.1,1,0.19589,0.20882,0.18295,0.00544,-0.92574,-11.4992,3.93336,0.00654,0.33851,1.23898,0.40874,0.33726,0.373,0.00362,0.00161,72.67154,0.0,0.0,0.0,0.0,0.0,0
343,17.15,1,0.24596,0.25064,0.24127,0.00538,-0.8967,-11.57887,3.7896,0.00684,0.33764,1.24203,0.23437,0.22438,0.22937,0.00352,0.00158,72.73405,0.0,0.0,0.0,0.0,0.0,0
344,17.2,1,0.27114,0.27628,0.26599,0.0058,-1.02973,-11.91048,3.46843,-0.00104,0.3351,1.23951,0.17927,0.1447,0.16199,0.00474,0.0023,72.54127,0.0,0.0,0.0,0.0,0.0,0
345,17.25,1,0.28595,0.28936,0.28254,0.00619,-0.82,-12.19014,3.2352,0.0004,0.33464,1.23799,0.14819,0.12663,0.13741,0.00483,0.00229,72.36135,0.0,0.0,0.0,0.0,0.0,1
346,17.3,1,0.29478,0.29514,0.29442,0.00733,-0.1308,-12.27194,2.99954,0.01568,0.3342,1.23834,0.133,0.11949,0.12624,0.00469,0.00202,72.29444,0.0,0.0,0.0,0.0,0.0,0
347,17.35,1,0.29315,0.29071,0.2956,0.00697,0.36348,-12.36729,2.90578,0.02125,0.33342,1.23849,0.1338,0.13388,0.13384,0.00631,0.00254,72.26784,0.0,0.0,0.0,0.0,0.0,0
348,17.4,1,0.2899,0.2855,0.2943,0.00524,0.93351,-12.38913,2.62489,0.02926,0.32862,1.2378,0.14632,0.1616,0.15396,0.00519,0.00213,72.6128,0.0,0.0,0.0,0.0,0.0,0
349,17.45,1,0.29164,0.28914,0.29413,0.00525,1.23122,-12.50087,2.41474,0.03054,0.32634,1.23388,0.14588,0.14616,0.14602,0.00525,0.00221,72.70041,0.0,0.0,0.0,0.0,0.0,0
350,17.5,1,0.28579,0.2801,0.29148,0.00692,1.64121,-12.84385,1.99216,0.03277,0.31875,1.22521,0.13916,0.17154,0.15535,0.00426,0.0018,73.13852,0.0,0.0,0.0,0.0,0.0,1
351,17.55,1,0.28702,0.28094,0.29311,0.01098,2.12221,-13.49918,1.74695,0.03356,0.31025,1.2229,0.13549,0.18222,0.15886,0.00446,0.00202,72.72992,0.0,0.0,0.0,0.0,0.0,0
352,17.6,1,0.27332,0.26994,0.2767,0.0133,2.61542,-14.12084,1.3265,0.03842,0.30001,1.22746,0.15589,0.21536,0.18562,0.00378,0.00182,72.54908,0.0,0.0,0.0,0.0,0.0,0
353,17.65,1,0.2681,0.26617,0.27003,0.0138,2.78628,-14.39881,0.62269,0.03608,0.29557,1.22386,0.16435,0.22896,0.19666,0.00369,0.0017,72.6052,0.0,0.0,0.0,0.0,0.0,0
354,17.7,1,0.2691,0.26862,0.26959,0.01555,3.06412,-14.56911,-0.08603,0.03684,0.29187,1.22484,0.17278,0.21499,0.19388,0.00484,0.00228,72.66679,0.0,0.0,0.0,0.0,0.0,0
355,17.75,1,0.26567,0.26501,0.26633,0.02684,3.32136,-14.30742,-0.60876,0.03575,0.29922,1.22267,0.18782,0.20794,0.19788,0.00766,0.00338,72.24439,0.0,0.0,0.0,0.0,0.0,1
356,17.8,1,0.28489,0.28975,0.28004,0.03852,3.63252,-14.09103,-1.30738,0.03612,0.30365,1.22588,0.15857,0.13492,0.14675,0.00648,0.00264,72.60242,0.0,0.0,0.0,0.0,0.0,0
357,17.85,1,0.29193,0.29626,0.28759,0.04599,3.74537,-14.02048,-1.30867,0.03895,0.30246,1.2206,0.14869,0.12411,0.1364,0.00638,0.0024,73.21941,0.0,0.0,0.0,0.0,0.0,0
358,17.9,1,0.2949,0.29798,0.29182,0.0471,3.96996,-14.11236,-1.23419,0.04327,0.30108,1.21949,0.14438,0.11799,0.13118,0.00582,0.00213,73.58608,0.0,0.0,0.0,0.0,0.0,0
359,17.95,1,0.29756,0.29886,0.29626,0.04956,3.93569,-14.08673,-1.09449,0.0432,0.30238,1.21976,0.14064,0.12035,0.13049,0.00691,0.00255,73.3505,0.0,0.0,0.0,0.0,0.0,0
360,18.0,1,0.29719,0.29856,0.29583,0.06841,3.86362,-14.09834,-1.05239,0.03994,0.30212,1.22261,0.13824,0.12239,0.13031,0.01158,0.00338,73.23107,0.0,0.0,0.0,0.0,0.0,1
361,18.05,1,0.29776,0.29837,0.29715,0.07869,3.82729,-14.11448,-1.05485,0.03894,0.30216,1.22392,0.13721,0.12327,0.13024,0.01238,0.00334,73.1536,0.0,0.0,0.0,0.0,0.0,0
362,18.1,1,0.29789,0.29822,0.29757,0.08969,3.79574,-14.14126,-1.04671,0.03915,0.30159,1.22691,0.13547,0.12188,0.12868,0.01673,0.00405,73.10439,0.0,0.0,0.0,0.0,0.0,0
363,18.15,1,0.29807,0.29854,0.2976,0.09513,3.79613,-14.2172,-0.99498,0.04047,0.30145,1.22805,0.13428,0.11943,0.12685,0.01982,0.00471,72.99788,0.0,0.0,0.0,0.0,0.0,0
364,18.2,1,0.29886,0.29926,0.29847,0.09701,3.78232,-14.15075,-1.00758,0.03954,0.30184,1.22789,0.13436,0.11621,0.12529,0.02031,0.00499,72.88764,0.0,0.0,0.0,0.0,0.0,0
365,18.25,1,0.2992,0.30006,0.29834,0.0966,3.78599,-14.131,-1.05711,0.04018,0.30165,1.22769,0.13428,0.11513,0.1247,0.0195,0.00466,72.95066,0.0,0.0,0.0,0.0,0.0,1
366,18.3,1,0.29741,0.29941,0.29541,0.07729,3.88205,-13.86175,-1.18202,0.04152,0.30644,1.22702,0.13599,0.1166,0.1263,0.01227,0.00354,73.10105,0.0,0.0,0.0,0.0,0.0,0
367,18.35,1,0.27314,0.27586,0.27042,0.0648,4.084,-13.72373,-1.41205,0.04338,0.30684,1.2244,0.19269,0.20025,0.19647,0.00798,0.00255,72.95589,0.0,0.0,0.0,0.0,0.0,0
368,18.4,1,0.01741,0.01697,0.01785,0.05332,4.11897,-13.81714,-1.05094,0.04502,0.28329,1.21552,0.82524,0.754,0.78962,0.00783,0.00283,74.58285,0.0,0.0,0.0,0.0,0.0,0
369,18.45,1,0.02415,0.01199,0.03631,0.0394,4.22941,-13.82329,-0.68641,0.04516,0.27722,1.21365,0.84949,0.75915,0.80432,0.00672,0.00271,74.72142,0.0,0.0,0.0,0.0,0.0,0
370,18.5,1,0.02876,0.01217,0.04535,0.02538,4.02889,-14.27556,-0.0124,0.04338,0.27046,1.2129,0.85976,0.76811,0.81393,0.00523,0.00224,74.38884,0.0,0.0,0.0,0.0,0.0,1
371,18.55,1,0.03253,0.01736,0.0477,0.01982,3.87087,-14.30722,0.28969,0.04249,0.26506,1.20552,0.86642,0.78075,0.82358,0.00492,0.00189,75.74179,0.0,0.0,0.0,0.0,0.0,0
372,18.6,1,0.09275,0.08244,0.10306,0.02867,3.38223,-13.63982,0.61321,0.03874,0.29314,1.20521,0.60027,0.6564,0.62834,0.00642,0.00241,71.86071,0.0,0.0,0.0,0.0,0.0,0
373,18.65,1,0.19834,0.17724,0.21943,0.02388,3.19054,-13.5606,0.9585,0.03803,0.30302,1.20708,0.30121,0.45415,0.37768,0.00748,0.00321,71.48751,0.0,0.0,0.0,0.0,0.0,0
374,18.7,1,0.26154,0.24587,0.27721,0.02493,2.71115,-12.96518,1.35201,0.03401,0.30674,1.21573,0.16316,0.26425,0.21371,0.00487,0.00204,72.50116,0.0,0.0,0.0,0.0,0.0,0
375,18.75,1,0.28692,0.27631,0.29753,0.01986,2.42749,-12.76745,1.48516,0.03454,0.31008,1.21793,0.13071,0.18057,0.15564,0.00452,0.00194,72.67608,0.0,0.0,0.0,0.0,0.0,1
376,18.8,1,0.28922,0.28225,0.29619,0.01624,2.25467,-12.73884,1.50008,0.03356,0.31145,1.22055,0.1401,0.16615,0.15313,0.00414,0.00177,72.80894,0.0,0.0,0.0,0.0,0.0,0
377,18.85,1,0.27675,0.26497,0.28852,0.00634,2.46949,-13.11036,1.30875,0.03841,0.30456,1.21379,0.14104,0.20693,0.17399,0.00341,0.00122,73.32256,0.0,0.0,0.0,0.0,0.0,0
378,18.9,1,0.23671,0.23265,0.24077,0.00218,2.80717,-13.56091,0.99959,0.03568,0.30485,1.21479,0.23217,0.28843,0.2603,0.00346,0.00151,71.6761,0.0,0.0,0.0,0.0,0.0,0
379,18.95,1,0.20901,0.21546,0.20256,0.00365,4.00382,-13.7589,-0.22822,0.04111,0.3065,1.21747,0.34308,0.34822,0.34565,0.00372,0.00179,70.15211,0.0,0.0,0.0,0.0,0.0,0
380,19.0,1,0.19067,0.20063,0.18072,0.0041,4.89007,-13.76748,-0.82249,0.04577,0.3069,1.21875,0.39242,0.39272,0.39257,0.00403,0.00186,69.8126,0.0,0.0,0.0,0.0,0.0,1
381,19.05,1,0.2069,0.21003,0.20377,0.00379,6.37422,-13.64333,-1.59855,0.0694,0.30483,1.21891,0.34902,0.37451,0.36177,0.00366,0.00148,70.65636,0.0,0.0,0.0,0.0,0.0,0
382,19.1,1,0.22234,0.23429,0.21039,0.00474,7.18052,-13.7429,-1.90629,0.07498,0.30727,1.22526,0.35799,0.31101,0.3345,0.00267,0.00095,71.11491,0.0,0.0,0.0,0.0,0.0,0
383,19.15,1,0.2502,0.26554,0.23487,0.00355,7.52501,-13.37068,-2.40241,0.08567,0.31159,1.22623,0.29318,0.18758,0.24038,0.00373,0.00112,71.86457,0.0,0.0,0.0,0.0,0.0,0
384,19.2,1,0.26889,0.28151,0.25628,0.00475,7.32572,-13.37543,-2.66753,0.07577,0.31421,1.22476,0.23913,0.12864,0.18388,0.00284,0.00082,71.89783,0.0,0.0,0.0,0.0,0.0,0
385,19.25,1,0.27285,0.28433,0.26137,0.00517,7.02409,-13.35142,-2.77619,0.06833,0.31401,1.22182,0.21963,0.11433,0.16698,0.00349,0.00096,72.46875,0.0,0.0,0.0,0.0,0.0,1
386,19.3,1,0.27861,0.28657,0.27066,0.00557,6.78297,-13.38949,-2.94172,0.05668,0.31558,1.21784,0.20538,0.11976,0.16257,0.00409,0.00112,72.25141,0.0,0.0,0.0,0.0,0.0,0
387,19.35,1,0.27801,0.28531,0.27071,0.00547,6.80378,-13.29501,-2.98881,0.06169,0.31642,1.21676,0.19509,0.11309,0.15409,0.00418,0.00105,72.52193,0.0,0.0,0.0,0.0,0.0,0
388,19.4,1,0.28118,0.28727,0.27509,0.0053,6.74438,-13.24786,-3.03899,0.06161,0.31708,1.2167,0.18643,0.11281,0.14962,0.00325,0.00085,72.52814,0.0,0.0,0.0,0.0,0.0,0
389,19.45,1,0.2834,0.28836,0.27844,0.00559,6.83147,-13.30283,-3.10419,0.06502,0.31671,1.22318,0.17772,0.10677,0.14225,0.00311,0.00088,72.67164,0.0,0.0,0.0,0.0,0.0,0
390,19.5,1,0.28323,0.28582,0.28064,0.00558,6.83039,-13.28358,-3.22021,0.06487,0.3173,1.22127,0.18135,0.10936,0.14536,0.00264,0.00072,73.07294,0.0,0.0,0.0,0.0,0.0,1
391,19.55,1,0.23985,0.24487,0.23484,0.00563,6.99757,-13.02715,-3.40091,0.06877,0.32536,1.22402,0.29499,0.23282,0.26391,0.00415,0.00133,71.79063,0.0,0.0,0.0,0.0,0.0,0
392,19.6,1,0.18145,0.18669,0.17621,0.00519,6.93404,-12.86647,-3.34752,0.06519,0.33082,1.21992,0.42051,0.37101,0.39576,0.00522,0.00171,71.0161,0.0,0.0,0.0,0.0,0.0,0
393,19.65,1,0.09024,0.08853,0.09196,0.00477,7.32329,-12.59952,-3.72013,0.07607,0.32381,1.21602,0.62089,0.56719,0.59404,0.00569,0.0017,72.02837,0.0,0.0,0.0,0.0,0.0,0
394,19.7,1,0.05506,0.05338,0.05674,0.00515,7.39138,-12.43754,-3.87925,0.07459,0.32077,1.2144,0.67942,0.62744,0.65343,0.00547,0.00138,73.35642,0.0,0.0,0.0,0.0,0.0,0
395,19.75,1,0.05425,0.05429,0.0542,0.00518,7.5648,-12.27725,-4.08085,0.07711,0.32241,1.21606,0.67561,0.61459,0.6451,0.00542,0.00134,73.39499,0.0,0.0,0.0,0.0,0.0,1
396,19.8,1,0.04533,0.04756,0.0431,0.00503,7.55459,-12.29726,-4.21251,0.07426,0.32197,1.21632,0.6933,0.6308,0.66205,0.00564,0.00145,73.44727,0.0,0.0,0.0,0.0,0.0,0
397,19.85,1,0.02648,0.03173,0.02123,0.00525,7.48165,-12.10187,-4.26709,0.07106,0.31875,1.21814,0.73766,0.66417,0.70092,0.00521,0.00127,74.27902,0.0,0.0,0.0,0.0,0.0,0
398,19.9,1,0.01514,0.02159,0.0087,0.00509,7.53429,-12.04183,-4.30511,0.07237,0.3153,1.21723,0.7666,0.68618,0.72639,0.00433,0.00104,74.80462,0.0,0.0,0.0,0.0,0.0,0
399,19.95,1,0.01248,0.01305,0.0119,0.00474,7.52857,-12.00277,-4.29875,0.07327,0.31044,1.21343,0.78926,0.74297,0.76611,0.00459,0.00109,75.23666,0.0,0.0,0.0,0.0,0.0,0
400,20.0,1,0.01847,0.02127,0.01566,0.00454,7.50857,-11.9829,-4.24431,0.07215,0.30881,1.21648,0.79345,0.76148,0.77746,0.00482,0.00118,75.42079,0.0,0.0,0.0,0.0,0.0,1
401,20.05,1,0.02299,0.02593,0.02006,0.004,7.53062,-11.95064,-4.26093,0.07304,0.30955,1.21572,0.79734,0.76907,0.78321,0.00465,0.00124,75.46524,0.0,0.0,0.0,0.0,0.0,0
402,20.1,1,0.02212,0.02349,0.02074,0.00396,7.43942,-11.76262,-4.26184,0.07113,0.31075,1.21504,0.79729,0.76474,0.78102,0.00442,0.00121,75.63117,0.0,0.0,0.0,0.0,0.0,0
403,20.15,1,0.02503,0.02595,0.02412,0.00388,7.47361,-11.74266,-4.22601,0.07127,0.30822,1.21375,0.80412,0.77029,0.78721,0.00457,0.0012,76.01621,0.0,0.0,0.0,0.0,0.0,0
404,20.2,1,0.0232,0.02495,0.02145,0.00447,7.48001,-11.75412,-4.23588,0.07083,0.30758,1.21402,0.80025,0.77183,0.78604,0.00437,0.00114,76.04258,0.0,0.0,0.0,0.0,0.0,0
405,20.25,1,0.02439,0.02707,0.02171,0.00495,7.51004,-11.73338,-4.22716,0.07258,0.30715,1.21362,0.79971,0.7765,0.7881,0.00434,0.0011,76.27823,0.0,0.0,0.0,0.0,0.0,1
406,20.3,1,0.0249,0.02715,0.02264,0.00495,7.47395,-11.61842,-4.21606,0.07208,0.30869,1.21435,0.80324,0.77994,0.79159,0.00438,0.00107,76.32257,0.0,0.0,0.0,0.0,0.0,0
407,20.35,1,0.02929,0.02866,0.02992,0.00531,7.537,-11.52175,-4.18436,0.07257,0.30862,1.21417,0.81474,0.78357,0.79915,0.00436,0.00106,76.3714,0.0,0.0,0.0,0.0,0.0,0
408,20.4,1,0.03003,0.02877,0.0313,0.00513,7.51656,-11.48641,-4.20598,0.07271,0.30796,1.21467,0.81927,0.7863,0.80279,0.00419,0.00104,76.41918,0.0,0.0,0.0,0.0,0.0,0
409,20.45,1,0.03747,0.03545,0.0395,0.00521,7.49554,-11.68648,-4.16984,0.07256,0.30396,1.21424,0.83537,0.80738,0.82138,0.00395,0.00098,76.44048,0.0,0.0,0.0,0.0,0.0,0
410,20.5,1,0.03527,0.02758,0.04297,0.00586,7.37576,-12.04232,-4.10134,0.06904,0.29996,1.21366,0.84629,0.79851,0.8224,0.00375,0.0009,76.46334,0.0,0.0,0.0,0.0,0.0,1
411,20.55,1,0.03066,0.02212,0.03921,0.0057,7.28252,-12.26679,-4.03479,0.06656,0.29467,1.21305,0.85121,0.79029,0.82075,0.00294,0.00072,76.66522,0.0,0.0,0.0,0.0,0.0,0
412,20.6,1,0.02736,0.02101,0.03372,0.00558,7.23763,-12.31489,-3.99142,0.06406,0.29331,1.2118,0.84816,0.78861,0.81839,0.00301,0.00078,76.74817,0.0,0.0,0.0,0.0,0.0,0
413,20.65,1,0.02454,0.01696,0.03212,0.00507,7.05791,-12.44265,-3.82555,0.05961,0.29291,1.21138,0.85251,0.77619,0.81435,0.00266,0.00078,76.42752,0.0,0.0,0.0,0.0,0.0,0
414,20.7,1,0.02456,0.01755,0.03158,0.00495,7.13913,-12.48361,-3.73268,0.06324,0.29237,1.21033,0.85182,0.77976,0.81579,0.00269,0.00081,76.38858,0.0,0.0,0.0,0.0,0.0,0
415,20.75,1,0.02953,0.02574,0.03332,0.00531,7.07172,-12.36174,-3.59613,0.06432,0.29586,1.21282,0.84661,0.78603,0.81632,0.00323,0.00092,76.72845,0.0,0.0,0.0,0.0,0.0,1
416,20.8,1,0.06003,0.06956,0.0505,0.00554,6.82259,-12.08788,-3.36135,0.06431,0.31852,1.22022,0.687,0.60326,0.64513,0.00452,0.00118,75.20292,0.0,0.0,0.0,0.0,0.0,0
417,20.85,1,0.19787,0.19608,0.19965,0.0054,6.51171,-11.93279,-3.11254,0.06116,0.33394,1.23124,0.3428,0.32579,0.3343,0.00516,0.00143,73.39726,0.0,0.0,0.0,0.0,0.0,0
418,20.9,1,0.28923,0.28843,0.29003,0.00507,6.30363,-12.0769,-3.00792,0.05758,0.34002,1.23773,0.15062,0.10894,0.12978,0.00518,0.00138,73.47897,0.0,0.0,0.0,0.0,0.0,0
419,20.95,1,0.30395,0.3055,0.30241,0.00601,6.23394,-12.06531,-2.9502,0.05632,0.33908,1.23921,0.13282,0.07736,0.10509,0.00512,0.00137,73.606,0.0,0.0,0.0,0.0,0.0,0
420,21.0,1,0.29875,0.30304,0.29447,0.00613,6.22281,-12.18728,-2.93501,0.05807,0.33458,1.23655,0.14862,0.08282,0.11572,0.00531,0.00145,73.77241,0.0,0.0,0.0,0.0,0.0,1
421,21.05,1,0.29871,0.30208,0.29535,0.00614,6.11755,-12.07796,-2.84385,0.05755,0.33672,1.23778,0.14891,0.08754,0.11823,0.0054,0.00151,73.7149,0.0,0.0,0.0,0.0,0.0,0
422,21.1,1,0.31303,0.31535,0.31071,0.00536,6.10472,-11.98258,-2.41871,0.05992,0.34064,1.24026,0.12334,0.06163,0.09248,0.00474,0.00149,73.53453,0.0,0.0,0.0,0.0,0.0,0
423,21.15,1,0.3146,0.31826,0.31094,0.0063,6.05799,-12.0034,-2.0837,0.06167,0.34152,1.24494,0.1281,0.06042,0.09426,0.00509,0.0015,73.55451,0.0,0.0,0.0,0.0,0.0,0
424,21.2,1,0.30817,0.31531,0.30102,0.00619,5.89318,-11.99286,-2.30369,0.05403,0.33855,1.24859,0.14024,0.0579,0.09907,0.00478,0.00138,74.2815,0.0,0.0,0.0,0.0,0.0,0
425,21.25,1,0.30557,0.3148,0.29635,0.00661,5.57591,-12.06298,-2.74995,0.04587,0.34005,1.24402,0.15532,0.0637,0.10951,0.0049,0.00133,74.001,0.0,0.0,0.0,0.0,0.0,1
426,21.3,1,0.31153,0.30945,0.31361,0.0067,5.63127,-12.06364,-3.24869,0.04862,0.33858,1.24038,0.11891,0.07506,0.09698,0.00399,0.00106,73.953,0.0,0.0,0.0,0.0,0.0,0
427,21.35,1,0.31238,0.31321,0.31156,0.0065,5.61817,-12.11187,-3.32446,0.05045,0.34039,1.24186,0.12887,0.07319,0.10103,0.00422,0.00119,73.37035,0.0,0.0,0.0,0.0,0.0,0
428,21.4,1,0.31811,0.32253,0.31368,0.00601,5.84074,-12.60614,-3.12999,0.05597,0.33463,1.24384,0.12382,0.0515,0.08766,0.00424,0.00116,73.31791,0.0,0.0,0.0,0.0,0.0,0
429,21.45,1,0.31341,0.31832,0.3085,0.00681,5.92529,-12.82192,-2.86597,0.0595,0.33034,1.24196,0.13119,0.05514,0.09316,0.0033,0.00086,73.39243,0.0,0.0,0.0,0.0,0.0,0
430,21.5,1,0.30533,0.31051,0.30016,0.00645,6.3214,-13.29909,-2.80516,0.06854,0.32381,1.24398,0.14616,0.06014,0.10315,0.00333,0.0009,73.56644,0.0,0.0,0.0,0.0,0.0,1
431,21.55,1,0.30051,0.30551,0.29552,0.00644,6.54156,-13.46777,-2.81817,0.07132,0.32164,1.24555,0.1575,0.06694,0.11222,0.0031,0.00089,73.49817,0.0,0.0,0.0,0.0,0.0,0
432,21.6,1,0.29758,0.30311,0.29206,0.0068,6.54544,-13.44949,-2.76124,0.07229,0.32148,1.24259,0.16185,0.07165,0.11675,0.0044,0.00125,73.4182,0.0,0.0,0.0,0.0,0.0,0
433,21.65,1,0.29698,0.30312,0.29083,0.0099,6.51101,-13.35497,-2.76952,0.06743,0.32305,1.24416,0.16162,0.0721,0.11686,0.00422,0.0013,73.42348,0.0,0.0,0.0,0.0,0.0,0
434,21.7,1,0.29747,0.30304,0.29189,0.00702,6.47293,-13.47127,-2.48652,0.0682,0.32124,1.25564,0.15799,0.07194,0.11496,0.00547,0.00228,73.42108,0.0,0.0,0.0,0.0,0.0,0
435,21.75,1,0.29772,0.30186,0.29359,0.00656,6.43777,-13.47637,-2.41516,0.06758,0.32034,1.2546,0.14617,0.07783,0.112,0.00558,0.00261,73.41526,0.0,0.0,0.0,0.0,0.0,1
436,21.8,1,0.29212,0.29173,0.29251,0.00589,5.96877,-12.96328,-2.2326,0.06061,0.32651,1.24495,0.14459,0.1129,0.12874,0.00663,0.00318,73.28445,0.0,0.0,0.0,0.0,0.0,0
437,21.85,1,0.29158,0.29099,0.29217,0.00484,5.87349,-12.92831,-1.90564,0.06169,0.32712,1.24677,0.14232,0.11529,0.1288,0.00579,0.00278,73.48075,0.0,0.0,0.0,0.0,0.0,0
438,21.9,1,0.29388,0.29153,0.29623,0.00494,5.71119,-13.12827,-1.48828,0.06335,0.32622,1.24542,0.14567,0.13208,0.13887,0.00571,0.0027,72.97944,0.0,0.0,0.0,0.0,0.0,0
439,21.95,1,0.2919,0.28968,0.29411,0.00665,5.55679,-13.3059,-1.31286,0.06154,0.32366,1.24727,0.1467,0.12513,0.13591,0.00486,0.00237,73.26775,0.0,0.0,0.0,0.0,0.0,0
440,22.0,1,0.29269,0.29115,0.29423,0.006,5.49077,-13.42799,-0.92207,0.06417,0.31921,1.24409,0.16073,0.12894,0.14483,0.00427,0.00186,73.02705,0.0,0.0,0.0,0.0,0.0,1
441,22.05,1,0.29352,0.29215,0.29489,0.00583,5.44564,-13.4889,-0.6876,0.06372,0.31872,1.2415,0.14283,0.12784,0.13534,0.0049,0.00214,72.93017,0.0,0.0,0.0,0.0,0.0,0
442,22.1,1,0.29254,0.29197,0.29311,0.00603,5.48254,-13.47091,-0.53705,0.0649,0.31842,1.24158,0.14399,0.12163,0.13281,0.00529,0.0023,72.83904,0.0,0.0,0.0,0.0,0.0,0
443,22.15,1,0.29297,0.29295,0.293,0.00606,5.49878,-13.46524,-0.58414,0.06481,0.31763,1.24222,0.14533,0.11921,0.13227,0.00543,0.00241,72.88429,0.0,0.0,0.0,0.0,0.0,0
444,22.2,1,0.29304,0.29295,0.29312,0.00523,5.5304,-13.46493,-0.6754,0.06485,0.31807,1.23977,0.14606,0.11809,0.13208,0.00601,0.00229,72.8891,0.0,0.0,0.0,0.0,0.0,0
445,22.25,1,0.29019,0.29101,0.28938,0.00664,5.74638,-13.35484,-0.85848,0.06642,0.31672,1.23815,0.14892,0.11912,0.13402,0.0055,0.00204,73.2869,0.0,0.0,0.0,0.0,0.0,1
446,22.3,1,0.284,0.28597,0.28204,0.0065,5.9644,-12.90791,-1.08414,0.06835,0.31767,1.23648,0.16272,0.11982,0.14127,0.00576,0.00201,73.50082,0.0,0.0,0.0,0.0,0.0,0
447,22.35,1,0.28438,0.28654,0.28221,0.00665,6.02906,-12.74252,-1.17801,0.06882,0.32092,1.23483,0.16658,0.11992,0.14325,0.0048,0.0016,73.45865,0.0,0.0,0.0,0.0,0.0,0
448,22.4,1,0.28583,0.28874,0.28292,0.00667,6.16147,-12.50476,-1.2749,0.07075,0.32564,1.23191,0.16709,0.11338,0.14023,0.00532,0.00169,73.41796,0.0,0.0,0.0,0.0,0.0,0
449,22.45,1,0.28587,0.28911,0.28263,0.0064,6.27498,-12.3207,-1.34141,0.07274,0.3285,1.23089,0.16591,0.11455,0.14023,0.00531,0.00159,73.31169,0.0,0.0,0.0,0.0,0.0,0
450,22.5,1,0.28612,0.28905,0.28318,0.00625,6.28284,-12.25673,-1.33549,0.07201,0.32889,1.23051,0.16599,0.11737,0.14168,0.00514,0.00154,73.23736,0.0,0.0,0.0,0.0,0.0,1
451,22.55,1,0.28604,0.2888,0.28327,0.00622,6.27647,-12.1636,-1.34432,0.07168,0.32908,1.2299,0.16571,0.11934,0.14252,0.00457,0.00138,73.19644,0.0,0.0,0.0,0.0,0.0,0
452,22.6,1,0.28302,0.28681,0.27924,0.00684,6.17957,-12.54196,-1.28266,0.06964,0.32388,1.23242,0.18569,0.1366,0.16114,0.00358,0.00106,72.71627,0.0,0.0,0.0,0.0,0.0,0
453,22.65,1,0.23783,0.24163,0.23403,0.00642,6.2272,-12.54544,-1.2277,0.07233,0.32584,1.23064,0.29258,0.26352,0.27805,0.00328,0.00106,72.07939,0.0,0.0,0.0,0.0,0.0,0
454,22.7,1,0.16374,0.16004,0.16745,0.00521,6.42805,-12.64696,-1.04531,0.08002,0.32427,1.22477,0.42188,0.43459,0.42823,0.00365,0.00112,71.96086,0.0,0.0,0.0,0.0,0.0,0
455,22.75,1,0.16238,0.15964,0.16511,0.00527,6.63982,-12.97971,-0.95305,0.0848,0.32282,1.22804,0.4564,0.43967,0.44803,0.00429,0.00166,71.09027,0.0,0.0,0.0,0.0,0.0,1
456,22.8,1,0.22846,0.23094,0.22598,0.00534,6.59285,-13.13349,-0.97724,0.08318,0.31736,1.23388,0.30556,0.26488,0.28522,0.00582,0.0018,72.31931,0.0,0.0,0.0,0.0,0.0,0
457,22.85,1,0.25179,0.25561,0.24798,0.0057,6.60166,-13.13959,-1.09564,0.08131,0.31726,1.2321,0.24597,0.19878,0.22238,0.00436,0.0013,72.73502,0.0,0.0,0.0,0.0,0.0,0
458,22.9,1,0.2694,0.26957,0.26922,0.00636,6.55676,-13.16708,-1.1313,0.08078,0.31814,1.22904,0.20313,0.17324,0.18818,0.00383,0.00115,72.75911,0.0,0.0,0.0,0.0,0.0,0
459,22.95,1,0.28291,0.28307,0.28275,0.00657,6.56155,-13.19487,-1.24991,0.07954,0.31487,1.22731,0.18153,0.14521,0.16337,0.00351,0.0011,72.82327,0.0,0.0,0.0,0.0,0.0,0
460,23.0,1,0.28906,0.28647,0.29164,0.00648,6.53903,-13.09451,-1.18997,0.07797,0.31747,1.22918,0.16551,0.13069,0.1481,0.00264,0.00086,72.80403,0.0,0.0,0.0,0.0,0.0,1
461,23.05,1,0.29272,0.29177,0.29368,0.00639,6.59811,-13.23305,-1.2052,0.0788,0.31912,1.23399,0.1642,0.11714,0.14067,0.00253,0.00082,72.92766,0.0,0.0,0.0,0.0,0.0,0
462,23.1,1,0.29147,0.29055,0.29239,0.00605,6.74504,-13.37945,-1.20213,0.08029,0.31634,1.23581,0.16657,0.11407,0.14032,0.00376,0.00113,73.04976,0.0,0.0,0.0,0.0,0.0,0
463,23.15,1,0.28733,0.28923,0.28542,0.00603,6.6354,-13.24537,-1.14101,0.07857,0.31618,1.23335,0.17844,0.11785,0.14815,0.00325,0.0011,73.18895,0.0,0.0,0.0,0.0,0.0,0
464,23.2,1,0.25855,0.25327,0.26382,0.00641,6.5056,-13.18849,-0.92338,0.07687,0.31456,1.23171,0.22408,0.20889,0.21649,0.00423,0.00148,73.17312,0.0,0.0,0.0,0.0,0.0,0
465,23.25,1,0.21591,0.2088,0.22303,0.00693,6.30279,-13.01431,-0.64156,0.07172,0.31611,1.22453,0.34044,0.32462,0.33253,0.00609,0.0022,72.24381,0.0,0.0,0.0,0.0,0.0,1
466,23.3,1,0.17361,0.16906,0.17816,0.00704,6.09174,-12.95065,-0.43621,0.07125,0.32143,1.22547,0.46571,0.41619,0.44095,0.00586,0.00211,71.9116,0.0,0.0,0.0,0.0,0.0,0
467,23.35,1,0.09218,0.08526,0.09911,0.00642,6.03039,-13.00445,0.15672,0.07571,0.30594,1.21709,0.62445,0.56664,0.59554,0.00479,0.00152,74.08305,0.0,0.0,0.0,0.0,0.0,0
468,23.4,1,0.10348,0.10032,0.10664,0.00597,5.83513,-13.05735,0.27106,0.07347,0.30877,1.22114,0.59978,0.53029,0.56504,0.00506,0.00176,73.4034,0.0,0.0,0.0,0.0,0.0,0
469,23.45,1,0.18936,0.17416,0.20456,0.00568,5.65078,-13.17227,0.39418,0.069,0.30779,1.22458,0.34583,0.41568,0.38075,0.00424,0.00148,73.00654,0.0,0.0,0.0,0.0,0.0,0
470,23.5,1,0.25452,0.23837,0.27067,0.00672,5.49807,-13.23369,0.60323,0.0662,0.31014,1.22564,0.19374,0.26199,0.22787,0.004,0.00138,72.84301,0.0,0.0,0.0,0.0,0.0,1
471,23.55,1,0.2795,0.26636,0.29264,0.0064,5.23886,-13.3749,1.19118,0.07033,0.31193,1.2282,0.14693,0.18361,0.16527,0.00369,0.0012,73.35829,0.0,0.0,0.0,0.0,0.0,0
472,23.6,1,0.29382,0.28295,0.30469,0.00642,5.13412,-13.7393,1.38349,0.07196,0.30708,1.22758,0.12357,0.14747,0.13552,0.00364,0.0013,73.09149,0.0,0.0,0.0,0.0,0.0,0
473,23.65,1,0.2917,0.28463,0.29878,0.00656,4.94355,-13.80757,1.47051,0.06775,0.30777,1.22694,0.13048,0.14306,0.13677,0.00371,0.00135,73.11722,0.0,0.0,0.0,0.0,0.0,0
474,23.7,1,0.29067,0.28571,0.29564,0.00675,4.96217,-13.78152,1.50409,0.06817,0.30909,1.22724,0.1383,0.14008,0.13919,0.00354,0.00139,73.00739,0.0,0.0,0.0,0.0,0.0,0
475,23.75,1,0.29025,0.29006,0.29043,0.00568,4.84224,-13.62524,1.50508,0.06756,0.31097,1.22805,0.14849,0.12646,0.13747,0.00325,0.00134,73.16957,0.0,0.0,0.0,0.0,0.0,1
476,23.8,1,0.29173,0.29458,0.28888,0.00571,4.86311,-13.55412,1.50867,0.0684,0.31148,1.23017,0.15138,0.11669,0.13403,0.00337,0.00149,73.15602,0.0,0.0,0.0,0.0,0.0,0
477,23.85,1,0.29579,0.29664,0.29494,0.00587,4.7293,-13.37085,1.49755,0.06676,0.31399,1.23138,0.13932,0.11232,0.12582,0.00404,0.00164,73.23143,0.0,0.0,0.0,0.0,0.0,0
478,23.9,1,0.29617,0.29469,0.29765,0.00587,4.74848,-13.3461,1.49184,0.06773,0.31406,1.23111,0.13313,0.11773,0.12543,0.00455,0.00182,73.33653,0.0,0.0,0.0,0.0,0.0,0
479,23.95,1,0.29376,0.2893,0.29822,0.0058,4.72931,-13.18157,1.66228,0.06988,0.31744,1.22939,0.13328,0.12947,0.13137,0.00356,0.00131,73.83559,0.0,0.0,0.0,0.0,0.0,0
480,24.0,1,0.28772,0.2834,0.29205,0.00575,4.6015,-13.05488,1.78744,0.06983,0.3164,1.22706,0.14005,0.14573,0.14289,0.00389,0.00147,73.94119,0.0,0.0,0.0,0.0,0.0,1
481,24.05,1,0.28932,0.28586,0.29277,0.00531,4.39371,-12.85298,2.06458,0.06923,0.31946,1.22497,0.14137,0.14544,0.14341,0.00426,0.00157,73.76399,0.0,0.0,0.0,0.0,0.0,0
482,24.1,1,0.28839,0.28504,0.29174,0.00636,4.29705,-12.80192,2.25183,0.06795,0.31727,1.22339,0.14663,0.15301,0.14982,0.00414,0.00143,73.95299,0.0,0.0,0.0,0.0,0.0,0
483,24.15,1,0.28472,0.28008,0.28936,0.00645,4.23966,-12.78712,2.25068,0.067,0.31793,1.22449,0.1476,0.16298,0.15529,0.00415,0.00147,73.94556,0.0,0.0,0.0,0.0,0.0,0
484,24.2,1,0.28386,0.28032,0.2874,0.00596,4.20204,-12.73024,2.387,0.06681,0.31959,1.22512,0.15125,0.16488,0.15806,0.00372,0.0014,73.83167,0.0,0.0,0.0,0.0,0.0,0
485,24.25,1,0.2832,0.2795,0.2869,0.00569,4.19405,-12.68035,2.39855,0.06858,0.31947,1.22438,0.15267,0.16734,0.16,0.00396,0.00154,73.78312,0.0,0.0,0.0,0.0,0.0,1
486,24.3,1,0.28304,0.27983,0.28624,0.00547,4.11494,-12.60587,2.53303,0.0681,0.32067,1.22424,0.15214,0.16484,0.15849,0.00393,0.00153,73.93101,0.0,0.0,0.0,0.0,0.0,0
487,24.35,1,0.28445,0.27938,0.28952,0.00519,4.06331,-12.6164,2.74242,0.06907,0.3195,1.22209,0.15413,0.16715,0.16064,0.004,0.00149,73.91624,0.0,0.0,0.0,0.0,0.0,0
488,24.4,1,0.2838,0.27834,0.28926,0.00536,4.00314,-12.56249,2.95289,0.06977,0.31852,1.22185,0.15669,0.17074,0.16372,0.00401,0.00145,73.95527,0.0,0.0,0.0,0.0,0.0,0
489,24.45,1,0.28159,0.27628,0.2869,0.00518,3.96342,-12.60931,3.06323,0.06902,0.31989,1.22328,0.16076,0.16805,0.1644,0.00501,0.00185,73.57669,0.0,0.0,0.0,0.0,0.0,0
490,24.5,1,0.28079,0.27572,0.28586,0.00526,3.86766,-12.56848,3.10757,0.06768,0.32013,1.22321,0.16293,0.17132,0.16713,0.00545,0.00206,73.50345,0.0,0.0,0.0,0.0,0.0,1
491,24.55,1,0.28186,0.2773,0.28642,0.0051,3.72846,-12.34106,3.09851,0.06598,0.32177,1.22358,0.16308,0.16816,0.16562,0.00536,0.00201,73.48209,0.0,0.0,0.0,0.0,0.0,0
492,24.6,1,0.2812,0.27677,0.28563,0.00529,3.69249,-12.26821,3.07734,0.0659,0.32212,1.22271,0.16475,0.16672,0.16574,0.00575,0.00206,73.58398,0.0,0.0,0.0,0.0,0.0,0
493,24.65,1,0.28079,0.27636,0.28522,0.00574,3.67826,-12.25896,3.04043,0.06547,0.32222,1.22253,0.16351,0.16628,0.1649,0.00576,0.00205,73.61352,0.0,0.0,0.0,0.0,0.0,0
494,24.7,1,0.27429,0.27021,0.27836,0.00574,3.676,-12.27638,3.05207,0.06527,0.32126,1.22208,0.17736,0.18309,0.18022,0.00566,0.00203,73.62376,0.0,0.0,0.0,0.0,0.0,0
495,24.75,1,0.26914,0.26587,0.27241,0.00567,3.65136,-12.29074,3.04501,0.06548,0.31999,1.22133,0.19084,0.19436,0.1926,0.00598,0.00211,73.56962,0.0,0.0,0.0,0.0,0.0,1
496,24.8,1,0.26811,0.26494,0.27128,0.00557,3.60912,-12.24374,3.01348,0.06574,0.31941,1.22129,0.19799,0.20004,0.19901,0.00609,0.00216,73.49263,0.0,0.0,0.0,0.0,0.0,0
497,24.85,1,0.27006,0.26636,0.27375,0.00518,3.64069,-12.33845,3.01549,0.06626,0.31888,1.22161,0.19048,0.19665,0.19357,0.00608,0.00213,73.4913,0.0,0.0,0.0,0.0,0.0,0
498,24.9,1,0.26707,0.26272,0.27143,0.0048,3.64663,-12.4466,3.0573,0.06739,0.31859,1.2215,0.20147,0.21133,0.2064,0.0057,0.00212,73.26071,0.0,0.0,0.0,0.0,0.0,0
499,24.95,1,0.23621,0.22944,0.24298,0.00369,3.72878,-12.75414,3.37284,0.07964,0.31501,1.22081,0.2583,0.27058,0.26444,0.00552,0.0021,72.39713,0.0,0.0,0.0,0.0,0.0,0
500,25.0,1,0.2354,0.23026,0.24054,0.00311,3.56768,-12.87308,3.468,0.07808,0.31326,1.22097,0.26442,0.26558,0.265,0.00598,0.00229,72.36394,0.0,0.0,0.0,0.0,0.0,1
501,25.05,1,0.23323,0.22963,0.23683,0.00409,2.93433,-13.37302,3.5424,0.06732,0.30976,1.22127,0.25663,0.27999,0.26831,0.00507,0.00216,72.31605,0.0,0.0,0.0,0.0,0.0,0
502,25.1,1,0.23822,0.23567,0.24078,0.0031,2.28734,-13.25786,3.56559,0.05954,0.31134,1.22235,0.24942,0.27092,0.26017,0.0047,0.00199,72.28192,0.0,0.0,0.0,0.0,0.0,0
503,25.15,1,0.24016,0.23736,0.24296,0.00375,1.90818,-13.20098,3.62604,0.05691,0.31351,1.22198,0.24783,0.2695,0.25866,0.00472,0.00188,72.171,0.0,0.0,0.0,0.0,0.0,0
504,25.2,1,0.24286,0.23964,0.24608,0.00324,1.72658,-12.92925,3.65935,0.05814,0.31646,1.22226,0.25548,0.26172,0.2586,0.00501,0.00197,72.15689,0.0,0.0,0.0,0.0,0.0,0
505,25.25,1,0.24256,0.23825,0.24686,0.0035,1.8318,-12.92975,3.69953,0.0621,0.3171,1.22093,0.25779,0.26419,0.26099,0.00578,0.00228,72.16705,0.0,0.0,0.0,0.0,0.0,1
506,25.3,1,0.22947,0.22425,0.23468,0.00346,1.73763,-12.82875,3.68941,0.06254,0.32329,1.22187,0.29627,0.29436,0.29532,0.00614,0.00273,71.36908,0.0,0.0,0.0,0.0,0.0,0
507,25.35,1,0.13764,0.13893,0.13636,0.00369,1.79638,-12.87395,3.586,0.06208,0.3145,1.21389,0.55006,0.51005,0.53005,0.00671,0.00284,71.85688,0.0,0.0,0.0,0.0,0.0,0
508,25.4,1,0.05603,0.07792,0.03414,0.00464,1.80644,-12.90604,3.51699,0.05281,0.29958,1.2099,0.74276,0.64091,0.69183,0.0067,0.00274,74.37952,0.0,0.0,0.0,0.0,0.0,0
509,25.45,1,0.07313,0.08405,0.06221,0.00481,1.80569,-12.89448,3.44584,0.05073,0.30302,1.21019,0.67555,0.61754,0.64654,0.00739,0.00307,73.72451,0.0,0.0,0.0,0.0,0.0,0
510,25.5,1,0.1827,0.18806,0.17735,0.00459,1.85874,-12.7232,3.34839,0.05029,0.31189,1.21786,0.36667,0.37261,0.36964,0.00679,0.0027,73.25986,0.0,0.0,0.0,0.0,0.0,1
511,25.55,1,0.23997,0.2447,0.23524,0.00386,1.89953,-12.5184,3.23507,0.05051,0.31773,1.22247,0.24155,0.26132,0.25143,0.00635,0.00242,73.22273,0.0,0.0,0.0,0.0,0.0,0
512,25.6,1,0.2665,0.27302,0.25998,0.00314,1.91416,-12.34578,3.12212,0.0497,0.32108,1.22302,0.19302,0.18521,0.18912,0.00721,0.00256,73.29984,0.0,0.0,0.0,0.0,0.0,0
513,25.65,1,0.28489,0.29289,0.27688,0.00299,1.95818,-12.29262,3.05575,0.0499,0.32211,1.22439,0.16558,0.13998,0.15278,0.00757,0.00265,73.39419,0.0,0.0,0.0,0.0,0.0,0
514,25.7,1,0.29123,0.29752,0.28494,0.0033,2.11107,-12.20437,3.01465,0.05246,0.3235,1.2254,0.15793,0.132,0.14497,0.00785,0.00257,73.50671,0.0,0.0,0.0,0.0,0.0,0
515,25.75,1,0.29475,0.30044,0.28905,0.00325,2.0991,-12.12015,2.93627,0.05252,0.32361,1.22457,0.15154,0.12688,0.13921,0.00797,0.00261,73.61537,0.0,0.0,0.0,0.0,0.0,1
516,25.8,1,0.29472,0.29876,0.29069,0.00322,2.1993,-11.92453,2.86483,0.05142,0.32645,1.22317,0.14808,0.12803,0.13806,0.00772,0.00257,73.52236,0.0,0.0,0.0,0.0,0.0,0
517,25.85,1,0.29352,0.29671,0.29033,0.00318,2.35982,-11.86551,2.74876,0.05293,0.32723,1.22213,0.14691,0.12789,0.1374,0.00734,0.00242,73.64407,0.0,0.0,0.0,0.0,0.0,0
518,25.9,1,0.2932,0.29743,0.28897,0.00402,2.57543,-11.89815,2.5691,0.05361,0.32462,1.21794,0.14644,0.12146,0.13395,0.00633,0.00206,73.93731,0.0,0.0,0.0,0.0,0.0,0
519,25.95,1,0.29192,0.29548,0.28836,0.00454,2.69231,-11.89825,2.55876,0.05517,0.32357,1.22254,0.14483,0.1189,0.13187,0.00704,0.0022,74.07604,0.0,0.0,0.0,0.0,0.0,0
520,26.0,1,0.29458,0.2988,0.29036,0.00448,2.74833,-11.96933,2.40822,0.05472,0.32514,1.22201,0.13999,0.11932,0.12966,0.00717,0.00227,73.79572,0.0,0.0,0.0,0.0,0.0,1
521,26.05,1,0.29454,0.29756,0.29151,0.00485,2.77817,-11.9786,2.25747,0.05342,0.32698,1.22151,0.13859,0.1196,0.12909,0.00715,0.00227,73.59223,0.0,0.0,0.0,0.0,0.0,0
522,26.1,1,0.2961,0.29928,0.29292,0.00514,2.8577,-11.91805,2.10888,0.05386,0.32756,1.22233,0.13443,0.1091,0.12176,0.00716,0.00213,73.65111,0.0,0.0,0.0,0.0,0.0,0
523,26.15,1,0.29507,0.29768,0.29246,0.00548,3.0016,-12.14945,1.96727,0.05555,0.32317,1.22382,0.13029,0.11697,0.12363,0.00565,0.00184,73.92193,0.0,0.0,0.0,0.0,0.0,0
524,26.2,1,0.29614,0.29887,0.29341,0.00558,2.9822,-12.16319,1.82778,0.05395,0.32356,1.22483,0.1287,0.10964,0.11917,0.00577,0.00182,73.94828,0.0,0.0,0.0,0.0,0.0,0
525,26.25,1,0.29666,0.29948,0.29384,0.00542,3.00837,-12.20906,1.76142,0.05459,0.3237,1.22723,0.13069,0.10809,0.11939,0.00585,0.00185,74.02775,0.0,0.0,0.0,0.0,0.0,1
526,26.3,1,0.29318,0.29438,0.29198,0.00606,3.0908,-12.13225,1.73827,0.05568,0.32554,1.22655,0.13954,0.11971,0.12963,0.00632,0.00208,73.93712,0.0,0.0,0.0,0.0,0.0,0
527,26.35,1,0.29133,0.29232,0.29035,0.00739,3.11977,-12.08194,1.64565,0.05498,0.32738,1.225,0.14397,0.12135,0.13266,0.00607,0.00215,73.86448,0.0,0.0,0.0,0.0,0.0,0
528,26.4,1,0.2918,0.29194,0.29167,0.00733,3.07629,-11.90926,1.65152,0.05346,0.32856,1.22517,0.14495,0.12277,0.13386,0.00562,0.00196,73.93681,0.0,0.0,0.0,0.0,0.0,0
529,26.45,1,0.29076,0.29027,0.29125,0.00683,3.0318,-11.85562,1.69324,0.05296,0.32864,1.22492,0.14616,0.12616,0.13616,0.00599,0.00208,73.92389,0.0,0.0,0.0,0.0,0.0,0
530,26.5,1,0.2893,0.28847,0.29013,0.00625,3.03359,-11.81897,1.70399,0.05313,0.32931,1.22513,0.14509,0.12716,0.13612,0.00642,0.00226,73.91385,0.0,0.0,0.0,0.0,0.0,1
531,26.55,1,0.28722,0.28626,0.28818,0.00547,3.04073,-11.82949,1.72018,0.05295,0.33049,1.22606,0.15076,0.13151,0.14113,0.00686,0.00237,73.92803,0.0,0.0,0.0,0.0,0.0,0
532,26.6,1,0.2849,0.28525,0.28455,0.0059,3.00212,-11.59785,1.56135,0.05084,0.33712,1.22756,0.16065,0.13107,0.14586,0.00868,0.00254,73.91359,0.0,0.0,0.0,0.0,0.0,0
533,26.65,1,0.28504,0.28356,0.28652,0.00494,2.90732,-10.92573,1.57236,0.0492,0.34607,1.22855,0.15832,0.13604,0.14718,0.0121,0.00354,73.71093,0.0,0.0,0.0,0.0,0.0,0
534,26.7,1,0.28704,0.2847,0.28938,0.0043,2.94933,-10.90562,1.76538,0.05007,0.34503,1.22983,0.16321,0.14226,0.15273,0.01103,0.00366,73.55237,0.0,0.0,0.0,0.0,0.0,0
535,26.75,1,0.28833,0.2827,0.29397,0.00437,2.99131,-10.97283,1.91433,0.05288,0.34392,1.22725,0.16681,0.14984,0.15833,0.0096,0.00322,73.33645,0.0,0.0,0.0,0.0,0.0,1
536,26.8,1,0.28738,0.28278,0.29198,0.00383,2.96575,-11.03737,1.98636,0.05226,0.34178,1.22611,0.16623,0.14691,0.15657,0.00781,0.00292,73.3927,0.0,0.0,0.0,0.0,0.0,0
537,26.85,1,0.28796,0.28307,0.29286,0.00628,2.96438,-11.17548,2.02593,0.05232,0.3367,1.22607,0.16392,0.14509,0.15451,0.00824,0.00305,73.42167,0.0,0.0,0.0,0.0,0.0,0
538,26.9,1,0.18244,0.22304,0.14184,0.00607,6.53454,-13.48573,-5.56177,0.05593,0.33157,1.26705,0.51887,0.31795,0.41841,0.01041,0.00479,72.03976,0.0,0.0,0.0,0.0,0.0,0
539,26.95,1,0.2206,0.21848,0.22271,0.00326,6.87523,-13.65739,-6.28469,0.05789,0.33142,1.27332,0.34041,0.2929,0.31666,0.00759,0.00421,74.00474,0.0,0.0,0.0,0.0,0.0,0
540,27.0,1,0.28251,0.29147,0.27355,0.00368,6.93469,-13.66877,-5.98727,0.05432,0.34408,1.27152,0.2224,0.09801,0.1602,0.00486,0.0025,74.53853,0.0,0.0,0.0,0.0,0.0,1
541,27.05,1,0.28786,0.31054,0.26519,0.00332,7.18032,-13.46414,-5.78731,0.05707,0.34927,1.27604,0.23667,0.04943,0.14305,0.00508,0.00242,75.0724,0.0,0.0,0.0,0.0,0.0,0
542,27.1,1,0.28162,0.30148,0.26175,0.00269,7.48116,-13.80663,-5.59848,0.06384,0.34684,1.27719,0.24237,0.06033,0.15135,0.00598,0.00326,74.5355,0.0,0.0,0.0,0.0,0.0,0
543,27.15,1,0.1138,0.11632,0.11128,0.00325,7.57987,-13.89226,-5.39055,0.06776,0.33754,1.26713,0.61126,0.54597,0.57862,0.00802,0.00448,74.67607,0.0,0.0,0.0,0.0,0.0,0
544,27.2,1,0.14273,0.16169,0.12377,0.0036,7.39527,-13.93253,-5.27223,0.06391,0.33382,1.27014,0.61285,0.42508,0.51897,0.00678,0.00397,73.52749,0.0,0.0,0.0,0.0,0.0,0
545,27.25,1,0.27505,0.27716,0.27294,0.00397,7.26786,-13.95722,-5.05161,0.06294,0.33022,1.2701,0.22634,0.12116,0.17375,0.00426,0.00248,73.72022,0.0,0.0,0.0,0.0,0.0,1
546,27.3,1,0.31798,0.31234,0.32363,0.00464,7.16019,-13.89601,-4.88095,0.06278,0.32872,1.26644,0.10597,0.05119,0.07858,0.00521,0.00297,73.8413,0.0,0.0,0.0,0.0,0.0,0
547,27.35,1,0.33388,0.32804,0.33972,0.00446,7.03576,-13.74908,-4.75501,0.06173,0.32953,1.26463,0.07095,0.03505,0.053,0.00527,0.00301,73.74901,0.0,0.0,0.0,0.0,0.0,0
548,27.4,1,0.3357,0.33054,0.34087,0.00524,6.99182,-13.74808,-4.72458,0.06218,0.32833,1.26356,0.06576,0.03396,0.04986,0.00529,0.00299,73.80482,0.0,0.0,0.0,0.0,0.0,0
549,27.45,1,0.33503,0.331,0.33906,0.00586,6.95593,-13.79677,-4.63577,0.06244,0.32821,1.26215,0.06516,0.03197,0.04856,0.00547,0.00288,73.79421,0.0,0.0,0.0,0.0,0.0,0
550,27.5,1,0.33498,0.33273,0.33723,0.00596,6.90783,-13.83496,-4.55944,0.06142,0.32747,1.26033,0.07033,0.03153,0.05093,0.00509,0.00263,73.72395,0.0,0.0,0.0,0.0,0.0,1
551,27.55,1,0.33283,0.33068,0.33497,0.00532,6.81281,-13.99778,-4.52025,0.06124,0.3258,1.25559,0.08075,0.0361,0.05843,0.00523,0.00228,73.56194,0.0,0.0,0.0,0.0,0.0,0
552,27.6,1,0.32806,0.32506,0.33106,0.00499,6.78983,-14.07693,-4.48547,0.06164,0.32327,1.25316,0.08938,0.04204,0.06571,0.00442,0.00188,73.49778,0.0,0.0,0.0,0.0,0.0,0
553,27.65,1,0.32476,0.32212,0.32739,0.00553,6.77215,-14.10815,-4.34272,0.06178,0.32323,1.25263,0.0952,0.04542,0.07031,0.00333,0.00135,73.47241,0.0,0.0,0.0,0.0,0.0,0
554,27.7,1,0.3212,0.31836,0.32404,0.00579,6.77578,-14.1752,-4.28614,0.0619,0.32086,1.25323,0.09881,0.04917,0.07399,0.00361,0.00136,73.43593,0.0,0.0,0.0,0.0,0.0,0
555,27.75,1,0.29041,0.28627,0.29455,0.00567,6.74408,-14.3994,-4.29784,0.06065,0.31823,1.25174,0.16954,0.12399,0.14676,0.00474,0.00185,72.96146,0.0,0.0,0.0,0.0,0.0,1
556,27.8,1,0.15285,0.13928,0.16642,0.00605,6.77939,-14.52278,-4.36877,0.06007,0.31382,1.23936,0.49995,0.51335,0.50665,0.00523,0.00234,72.17708,0.0,0.0,0.0,0.0,0.0,0
557,27.85,1,0.0248,0.01798,0.03163,0.00562,6.82617,-14.32457,-4.72637,0.05578,0.29989,1.23048,0.8418,0.74029,0.79105,0.00456,0.00165,74.27771,0.0,0.0,0.0,0.0,0.0,0
558,27.9,1,0.08265,0.08805,0.07726,0.00567,6.6601,-14.02549,-4.79162,0.05027,0.31451,1.23097,0.67955,0.59781,0.63868,0.00412,0.0015,73.02769,0.0,0.0,0.0,0.0,0.0,0
559,27.95,1,0.18973,0.20274,0.17672,0.00573,6.78302,-13.97242,-4.9996,0.05549,0.31894,1.23399,0.47321,0.3008,0.38701,0.00351,0.00116,72.91668,0.0,0.0,0.0,0.0,0.0,0
560,28.0,1,0.25133,0.26054,0.24212,0.00549,6.95845,-13.86007,-5.12535,0.05946,0.32239,1.23613,0.27444,0.13375,0.2041,0.00343,0.00097,73.4322,0.0,0.0,0.0,0.0,0.0,1
561,28.05,1,0.27589,0.28071,0.27107,0.00542,7.11756,-13.71066,-5.08352,0.06298,0.32492,1.23907,0.20645,0.08922,0.14784,0.00327,0.00093,73.6777,0.0,0.0,0.0,0.0,0.0,0
562,28.1,1,0.29565,0.29728,0.29403,0.00532,7.13877,-13.67967,-5.11336,0.06386,0.32477,1.23715,0.15574,0.0643,0.11002,0.00282,0.00079,73.75788,0.0,0.0,0.0,0.0,0.0,0
563,28.15,1,0.30064,0.29596,0.30531,0.00463,7.19854,-13.68503,-5.21611,0.06525,0.32322,1.23666,0.13023,0.07039,0.10031,0.00303,0.00077,73.88071,0.0,0.0,0.0,0.0,0.0,0
564,28.2,1,0.30028,0.2937,0.30685,0.00494,7.34378,-13.55674,-5.15611,0.06695,0.3246,1.2373,0.12161,0.07224,0.09693,0.00267,0.00073,73.90673,0.0,0.0,0.0,0.0,0.0,0
565,28.25,1,0.29867,0.29161,0.30573,0.00453,7.2146,-13.37022,-5.13429,0.06511,0.32576,1.23579,0.12842,0.07997,0.10419,0.00299,0.00084,73.99999,0.0,0.0,0.0,0.0,0.0,1
566,28.3,1,0.29636,0.29021,0.30251,0.00474,6.98625,-12.86551,-5.02311,0.06383,0.3298,1.2361,0.13291,0.08196,0.10743,0.00373,0.00104,73.79072,0.0,0.0,0.0,0.0,0.0,0
567,28.35,1,0.29469,0.29371,0.29568,0.00509,6.35326,-12.38405,-4.7999,0.05411,0.33336,1.23933,0.15149,0.08399,0.11774,0.00413,0.00113,73.78724,0.0,0.0,0.0,0.0,0.0,0
568,28.4,1,0.27252,0.27425,0.2708,0.00507,6.07938,-12.20796,-4.71961,0.04989,0.33508,1.23723,0.19108,0.15382,0.17245,0.00451,0.00129,73.37943,0.0,0.0,0.0,0.0,0.0,0
569,28.45,1,0.2141,0.2191,0.20911,0.00529,5.90499,-12.16094,-4.73451,0.04739,0.33665,1.23152,0.33571,0.30938,0.32254,0.00513,0.00152,72.88468,0.0,0.0,0.0,0.0,0.0,0
570,28.5,1,0.21549,0.22104,0.20995,0.00607,5.6865,-12.22556,-4.69015,0.04138,0.336,1.23022,0.34797,0.30746,0.32771,0.00513,0.00149,72.84602,0.0,0.0,0.0,0.0,0.0,1
571,28.55,1,0.26518,0.26275,0.26761,0.00533,5.1626,-12.08917,-4.20796,0.04113,0.33704,1.22751,0.22219,0.20682,0.2145,0.00707,0.00196,73.11367,0.0,0.0,0.0,0.0,0.0,0
572,28.6,1,0.29423,0.2898,0.29865,0.00512,4.89938,-11.96861,-3.73853,0.04099,0.33804,1.2252,0.14207,0.1332,0.13763,0.00662,0.00167,73.96407,0.0,0.0,0.0,0.0,0.0,0
573,28.65,1,0.30196,0.29807,0.30585,0.00353,4.45446,-12.2563,-2.69986,0.04381,0.33379,1.23315,0.13944,0.11495,0.1272,0.00689,0.00235,73.43433,0.0,0.0,0.0,0.0,0.0,0
574,28.7,1,0.30262,0.30172,0.30353,0.00375,4.20491,-12.42673,-2.21449,0.04482,0.33231,1.23665,0.14226,0.1139,0.12808,0.00635,0.00221,73.3905,0.0,0.0,0.0,0.0,0.0,0
575,28.75,1,0.30522,0.30226,0.30818,0.00372,4.01965,-12.57701,-1.64781,0.04419,0.33096,1.23341,0.13575,0.10433,0.12004,0.00658,0.00226,73.76453,0.0,0.0,0.0,0.0,0.0,1
576,28.8,1,0.30384,0.30347,0.30422,0.00497,3.91382,-12.51752,-1.16061,0.04462,0.33198,1.23606,0.13169,0.09171,0.1117,0.00728,0.00253,73.96915,0.0,0.0,0.0,0.0,0.0,0
577,28.85,1,0.30462,0.306,0.30325,0.00514,3.85191,-12.40385,-0.80834,0.04577,0.33518,1.24,0.13418,0.0898,0.11199,0.00692,0.00279,73.66241,0.0,0.0,0.0,0.0,0.0,0
578,28.9,1,0.30429,0.30583,0.30276,0.00536,3.8331,-12.44378,-0.62307,0.04461,0.33395,1.24129,0.12856,0.08965,0.10911,0.0066,0.00304,73.56148,0.0,0.0,0.0,0.0,0.0,0
579,28.95,1,0.30772,0.30796,0.30748,0.00547,3.84424,-12.40525,-0.61166,0.04511,0.3348,1.24648,0.11584,0.08672,0.10128,0.00542,0.0031,73.51747,0.0,0.0,0.0,0.0,0.0,0
580,29.0,1,0.30204,0.306,0.29808,0.00494,3.79071,-12.43676,-0.41043,0.04651,0.33348,1.24415,0.1243,0.08327,0.10379,0.00572,0.00311,73.69018,0.0,0.0,0.0,0.0,0.0,1
581,29.05,1,0.30185,0.3057,0.298,0.00464,4.00987,-12.43953,-0.78421,0.05109,0.33322,1.25068,0.12769,0.08044,0.10407,0.00417,0.00214,73.96888,0.0,0.0,0.0,0.0,0.0,0
582,29.1,1,0.30446,0.30817,0.30076,0.00461,4.13085,-12.70613,-1.18976,0.0503,0.32919,1.25209,0.12745,0.07343,0.10044,0.00445,0.00221,73.94181,0.0,0.0,0.0,0.0,0.0,0
583,29.15,1,0.30291,0.30444,0.30137,0.00397,4.12919,-12.87474,-1.42614,0.05014,0.32819,1.25225,0.12687,0.07875,0.10281,0.00408,0.00216,73.67001,0.0,0.0,0.0,0.0,0.0,0
584,29.2,1,0.29817,0.29963,0.29671,0.00296,4.14397,-12.97427,-1.46739,0.04859,0.32767,1.25135,0.14736,0.10142,0.12439,0.00283,0.00163,73.48266,0.0,0.0,0.0,0.0,0.0,0
585,29.25,1,0.30204,0.30045,0.30362,0.00274,4.18313,-13.0759,-1.49075,0.0519,0.32733,1.25273,0.14956,0.10803,0.12879,0.00206,0.00124,72.88819,0.0,0.0,0.0,0.0,0.0,1
586,29.3,1,0.30698,0.30208,0.31188,0.00229,4.13189,-13.59844,-1.39518,0.05148,0.31829,1.25451,0.14478,0.11234,0.12856,0.00195,0.00111,72.74768,0.0,0.0,0.0,0.0,0.0,0
587,29.35,1,0.30808,0.30183,0.31433,0.003,4.11844,-14.17798,-1.13445,0.05561,0.30852,1.24968,0.13824,0.11452,0.12638,0.00143,0.0008,72.94799,0.0,0.0,0.0,0.0,0.0,0
588,29.4,1,0.30677,0.30133,0.31221,0.00567,3.6746,-14.81878,-0.25903,0.04657,0.30269,1.23344,0.12529,0.10407,0.11468,0.00232,0.00131,73.25832,0.0,0.0,0.0,0.0,0.0,0
589,29.45,1,0.30553,0.30202,0.30903,0.00854,3.30241,-14.76282,0.47056,0.04451,0.30892,1.23897,0.13254,0.10435,0.11844,0.00312,0.0017,72.90932,0.0,0.0,0.0,0.0,0.0,0
590,29.5,1,0.31016,0.30705,0.31326,0.00896,3.09979,-14.93863,1.07922,0.04963,0.30764,1.23977,0.11927,0.08608,0.10268,0.00391,0.0022,73.16735,0.0,0.0,0.0,0.0,0.0,1
591,29.55,1,0.3034,0.29805,0.30875,0.01305,2.79401,-14.6703,1.21341,0.04452,0.30583,1.23829,0.1262,0.12055,0.12337,0.00363,0.00195,73.26865,0.0,0.0,0.0,0.0,0.0,0
592,29.6,1,0.30062,0.29674,0.30451,0.03129,1.95979,-13.75258,1.08575,0.03043,0.31744,1.24465,0.11926,0.12465,0.12196,0.01145,0.00539,73.49576,0.0,0.0,0.0,0.0,0.0,0
593,29.65,1,0.29595,0.29124,0.30066,0.02302,1.69206,-13.50584,0.94254,0.02865,0.3245,1.24645,0.13254,0.14723,0.13988,0.00755,0.00411,73.0233,0.0,0.0,0.0,0.0,0.0,0
594,29.7,1,0.2985,0.29486,0.30215,0.02245,1.26192,-13.44355,0.92204,0.02114,0.32688,1.24794,0.12778,0.13402,0.1309,0.00855,0.00473,72.94787,0.0,0.0,0.0,0.0,0.0,0
595,29.75,1,0.30242,0.29986,0.30497,0.02788,0.86371,-13.22715,0.94776,0.01706,0.32897,1.24608,0.12223,0.12474,0.12348,0.00811,0.0042,73.07831,0.0,0.0,0.0,0.0,0.0,1
596,29.8,1,0.30031,0.30238,0.29824,0.03462,0.46169,-13.68093,1.95985,0.01362,0.32043,1.2442,0.12532,0.09681,0.11106,0.00784,0.00368,73.69415,0.0,0.0,0.0,0.0,0.0,0
597,29.85,1,0.3006,0.30529,0.29591,0.03337,0.19834,-13.55768,2.45079,0.01174,0.31751,1.2457,0.13658,0.1033,0.11994,0.00663,0.00293,73.68285,0.0,0.0,0.0,0.0,0.0,0
598,29.9,1,0.29582,0.29622,0.29543,0.05519,0.05121,-13.1945,3.34586,0.01252,0.31809,1.24271,0.13941,0.12425,0.13183,0.00786,0.00308,73.87463,0.0,0.0,0.0,0.0,0.0,0
599,29.95,1,0.30082,0.30254,0.2991,0.05432,0.01791,-12.9676,3.64961,0.01628,0.32276,1.24154,0.14248,0.12336,0.13292,0.00777,0.00295,73.30186,0.0,0.0,0.0,0.0,0.0,0
